"","file","raw_reads","no-N_reads","reads_passing_cutadapt","reads_passing_QC","denoisedF","denoisedR","merged","nonchim","Sample_Number","Sample_Name","SWRC_ID","SeqTubeID","Gene","Date_Collected","Sample_Depth","SRA_File_Name_1","SRA_File_Name_2","SRA_Accession_Number","SRA_library_ID","Site","Field_Rep","Field_Sys","Field_EP","Field","System","Till_Type","System2","Cover_Crop","Sample_or_Control"
"1","FST_10F_R1.fq.gz",478039,478017,477992,432723,423894,424871,388379,344124,109,"FST_10F","1803814.004",10,"ITS2",2019-01-28,"0-10 cm","FST_10F_R1.fq.gz","FST_10F_R2.fq.gz","SAMN15049353","233_0_ITS","FST","2","3","3","233","Conservation","Till","Conventional","CoverCrop","Sample"
"2","FST_11F_R1.fq.gz",465028,465006,464980,426148,417604,418965,381601,323317,110,"FST_11F","1803820.004",11,"ITS2",2019-01-29,"0-10 cm","FST_11F_R1.fq.gz","FST_11F_R2.fq.gz","SAMN15049354","533_0_ITS","FST","5","3","3","533","Conservation","Till","Conventional","CoverCrop","Sample"
"3","FST_12F_R1.fq.gz",545235,545203,545174,494048,485959,486691,460498,406689,111,"FST_12F","1803826.004",12,"ITS2",2019-01-29,"0-10 cm","FST_12F_R1.fq.gz","FST_12F_R2.fq.gz","SAMN15049355","733_0_ITS","FST","7","3","3","733","Conservation","Till","Conventional","CoverCrop","Sample"
"4","FST_13F_R1.fq.gz",482838,482831,482796,437573,428465,430099,406000,365269,112,"FST_13F","1803838.004",13,"ITS2",2019-01-29,"0-10 cm","FST_13F_R1.fq.gz","FST_13F_R2.fq.gz","SAMN15049356","112_0_ITS","FST","1","1","2","112","Organic","No Till","Manure","Manure System","Sample"
"5","FST_14F_R1.fq.gz",370217,370198,370180,327648,320317,321957,303713,272318,113,"FST_14F","1803844.004",14,"ITS2",2019-01-29,"0-10 cm","FST_14F_R1.fq.gz","FST_14F_R2.fq.gz","SAMN15049357","312_0_ITS","FST","3","1","2","312","Organic","No Till","Manure","Manure System","Sample"
"6","FST_15F_R1.fq.gz",281015,281001,280990,254723,249325,250007,237366,218625,114,"FST_15F","1803850.004",15,"ITS2",2019-01-28,"0-10 cm","FST_15F_R1.fq.gz","FST_15F_R2.fq.gz","SAMN15049358","412_0_ITS","FST","4","1","2","412","Organic","No Till","Manure","Manure System","Sample"
"7","FST_16F_R1.fq.gz",468507,468479,468449,425451,416526,417857,392861,352388,115,"FST_16F","1803862.004",16,"ITS2",2019-01-28,"0-10 cm","FST_16F_R1.fq.gz","FST_16F_R2.fq.gz","SAMN15049359","212_0_ITS","FST","2","1","2","212","Organic","Till","Manure","Manure System","Sample"
"8","FST_17F_R1.fq.gz",622804,622765,622586,564353,555254,556430,531329,480961,116,"FST_17F","1803868.004",17,"ITS2",2019-01-29,"0-10 cm","FST_17F_R1.fq.gz","FST_17F_R2.fq.gz","SAMN15049360","512_0_ITS","FST","5","1","2","512","Organic","Till","Manure","Manure System","Sample"
"9","FST_18F_R1.fq.gz",340076,340065,340046,309628,302687,304198,286897,265085,117,"FST_18F","1803874.004",18,"ITS2",2019-01-28,"0-10 cm","FST_18F_R1.fq.gz","FST_18F_R2.fq.gz","SAMN15049361","712_0_ITS","FST","7","1","2","712","Organic","Till","Manure","Manure System","Sample"
"10","FST_19F_R1.fq.gz",378922,378893,378864,343837,335924,337105,316805,290666,118,"FST_19F","1803886.004",19,"ITS2",2019-01-29,"0-10 cm","FST_19F_R1.fq.gz","FST_19F_R2.fq.gz","SAMN15049362","123_0_ITS","FST","1","2","3","123","Organic","No Till","Legume","Compost System","Sample"
"11","FST_1F_R1.fq.gz",418055,418036,418020,384547,377380,377768,344438,311163,100,"FST_1F","1803742.004",1,"ITS2",2019-01-28,"0-10 cm","FST_1F_R1.fq.gz","FST_1F_R2.fq.gz","SAMN15049344","231_0_ITS","FST","2","3","1","231","Conventional","Till","Conventional","No CoverCrop","Sample"
"12","FST_20F_R1.fq.gz",457260,457249,457231,415870,407961,409151,386280,345748,119,"FST_20F","1803892.004",20,"ITS2",2019-01-29,"0-10 cm","FST_20F_R1.fq.gz","FST_20F_R2.fq.gz","SAMN15049363","323_0_ITS","FST","3","2","3","323","Organic","No Till","Legume","Compost System","Sample"
"13","FST_21F_R1.fq.gz",322953,322940,322921,294994,288127,289561,273831,248910,120,"FST_21F","1803898.004",21,"ITS2",2019-01-28,"0-10 cm","FST_21F_R1.fq.gz","FST_21F_R2.fq.gz","SAMN15049364","423_0_ITS","FST","4","2","3","423","Organic","No Till","Legume","Compost System","Sample"
"14","FST_22F_R1.fq.gz",374573,374568,374556,319986,312858,314463,296197,274285,121,"FST_22F","1803910.004",22,"ITS2",2019-01-28,"0-10 cm","FST_22F_R1.fq.gz","FST_22F_R2.fq.gz","SAMN15049365","223_0_ITS","FST","2","2","3","223","Organic","Till","Legume","Compost System","Sample"
"15","FST_23F_R1.fq.gz",488509,488479,488447,442674,434046,435521,409511,372745,122,"FST_23F","1803916.004",23,"ITS2",2019-01-29,"0-10 cm","FST_23F_R1.fq.gz","FST_23F_R2.fq.gz","SAMN15049366","523_0_ITS","FST","5","2","3","523","Organic","Till","Legume","Compost System","Sample"
"16","FST_24F_R1.fq.gz",374687,374678,374666,342906,336658,337454,320887,304688,123,"FST_24F","1803922.004",24,"ITS2",2019-01-28,"0-10 cm","FST_24F_R1.fq.gz","FST_24F_R2.fq.gz","SAMN15049367","723_0_ITS","FST","7","2","3","723","Organic","Till","Legume","Compost System","Sample"
"17","FST_25F_R1.fq.gz",671566,671541,671503,609555,600483,601580,570338,527243,124,"FST_25F","1803743.004",25,"ITS2",2019-01-28,"10-20 cm","FST_25F_R1.fq.gz","FST_25F_R2.fq.gz","SAMN15049368","231_10_ITS","FST","2","3","1","231","Conventional","Till","Conventional","No CoverCrop","Sample"
"18","FST_26F_R1.fq.gz",584953,584903,584867,528263,518964,520368,489026,433589,125,"FST_26F","1803749.004",26,"ITS2",2019-01-29,"10-20 cm","FST_26F_R1.fq.gz","FST_26F_R2.fq.gz","SAMN15049369","531_10_ITS","FST","5","3","1","531","Conventional","Till","Conventional","No CoverCrop","Sample"
"19","FST_27F_R1.fq.gz",692025,691985,691941,610259,600431,601532,570812,513738,126,"FST_27F","1803755.004",27,"ITS2",2019-01-29,"10-20 cm","FST_27F_R1.fq.gz","FST_27F_R2.fq.gz","SAMN15049370","731_10_ITS","FST","7","3","1","731","Conventional","Till","Conventional","No CoverCrop","Sample"
"20","FST_28F_R1.fq.gz",474506,474491,474455,427384,420143,421045,401665,379619,127,"FST_28F","1803767.004",28,"ITS2",2019-01-29,"10-20 cm","FST_28F_R1.fq.gz","FST_28F_R2.fq.gz","SAMN15049371","131_10_ITS","FST","1","3","1","131","Conventional","No Till","Conventional","No CoverCrop","Sample"
"21","FST_29F_R1.fq.gz",534006,533986,533957,486658,478242,479756,454928,426710,128,"FST_29F","1803773.004",29,"ITS2",2019-01-29,"10-20 cm","FST_29F_R1.fq.gz","FST_29F_R2.fq.gz","SAMN15049372","331_10_ITS","FST","3","3","1","331","Conventional","No Till","Conventional","No CoverCrop","Sample"
"22","FST_2F_R1.fq.gz",424643,424617,424594,385983,378039,379082,349938,312205,101,"FST_2F","1803748.004",2,"ITS2",2019-01-29,"0-10 cm","FST_2F_R1.fq.gz","FST_2F_R2.fq.gz","SAMN15049345","531_0_ITS","FST","5","3","1","531","Conventional","Till","Conventional","No CoverCrop","Sample"
"23","FST_30F_R1.fq.gz",661569,661543,661512,591733,581602,583501,536139,495534,129,"FST_30F","1803779.004",30,"ITS2",2019-01-28,"10-20 cm","FST_30F_R1.fq.gz","FST_30F_R2.fq.gz","SAMN15049373","431_10_ITS","FST","4","3","1","431","Conventional","No Till","Conventional","No CoverCrop","Sample"
"24","FST_31F_R1.fq.gz",371599,371590,371571,335731,329761,330623,314135,300315,130,"FST_31F","1803791.004",31,"ITS2",2019-01-29,"10-20 cm","FST_31F_R1.fq.gz","FST_31F_R2.fq.gz","SAMN15049374","133_10_ITS","FST","1","3","3","133","Conservation","No Till","Conventional","CoverCrop","Sample"
"25","FST_32F_R1.fq.gz",499440,499427,499400,455246,448808,449385,429234,415106,131,"FST_32F","1803797.004",32,"ITS2",2019-01-28,"10-20 cm","FST_32F_R1.fq.gz","FST_32F_R2.fq.gz","SAMN15049375","333_10_ITS","FST","3","3","3","333","Conservation","No Till","Conventional","CoverCrop","Sample"
"26","FST_33F_R1.fq.gz",584699,584685,584658,527050,518318,519176,495284,459867,132,"FST_33F","1803803.004",33,"ITS2",2019-01-28,"10-20 cm","FST_33F_R1.fq.gz","FST_33F_R2.fq.gz","SAMN15049376","433_10_ITS","FST","4","3","3","433","Conservation","No Till","Conventional","CoverCrop","Sample"
"27","FST_34F_R1.fq.gz",558054,558004,557977,503740,495806,497204,473337,433864,133,"FST_34F","1803815.004",34,"ITS2",2019-01-28,"10-20 cm","FST_34F_R1.fq.gz","FST_34F_R2.fq.gz","SAMN15049377","233_10_ITS","FST","2","3","3","233","Conservation","Till","Conventional","CoverCrop","Sample"
"28","FST_35F_R1.fq.gz",442404,442377,442362,398180,390486,391558,367921,337093,134,"FST_35F","1803821.004",35,"ITS2",2019-01-29,"10-20 cm","FST_35F_R1.fq.gz","FST_35F_R2.fq.gz","SAMN15049378","533_10_ITS","FST","5","3","3","533","Conservation","Till","Conventional","CoverCrop","Sample"
"29","FST_36F_R1.fq.gz",548051,548023,547995,497190,488414,490013,464847,418963,135,"FST_36F","1803827.004",36,"ITS2",2019-01-29,"10-20 cm","FST_36F_R1.fq.gz","FST_36F_R2.fq.gz","SAMN15049379","733_10_ITS","FST","7","3","3","733","Conservation","Till","Conventional","CoverCrop","Sample"
"30","FST_37F_R1.fq.gz",376336,376326,376313,339926,333217,333874,318057,289839,136,"FST_37F","1803839.004",37,"ITS2",2019-01-29,"10-20 cm","FST_37F_R1.fq.gz","FST_37F_R2.fq.gz","SAMN15049380","112_10_ITS","FST","1","1","2","112","Organic","No Till","Manure","Manure System","Sample"
"31","FST_38F_R1.fq.gz",372868,372857,372846,338073,332601,332887,319603,304803,137,"FST_38F","1803845.004",38,"ITS2",2019-01-29,"10-20 cm","FST_38F_R1.fq.gz","FST_38F_R2.fq.gz","SAMN15049381","312_10_ITS","FST","3","1","2","312","Organic","No Till","Manure","Manure System","Sample"
"32","FST_39F_R1.fq.gz",485599,485586,485568,441189,432874,433574,410625,371134,138,"FST_39F","1803851.004",39,"ITS2",2019-01-28,"10-20 cm","FST_39F_R1.fq.gz","FST_39F_R2.fq.gz","SAMN15049382","412_10_ITS","FST","4","1","2","412","Organic","No Till","Manure","Manure System","Sample"
"33","FST_3F_R1.fq.gz",433274,433267,433249,394170,387022,388324,366942,341518,102,"FST_3F","1803754.004",3,"ITS2",2019-01-29,"0-10 cm","FST_3F_R1.fq.gz","FST_3F_R2.fq.gz","SAMN15049346","731_0_ITS","FST","7","3","1","731","Conventional","Till","Conventional","No CoverCrop","Sample"
"34","FST_40F_R1.fq.gz",468498,468484,468468,425377,417068,418566,396881,358420,139,"FST_40F","1803863.004",40,"ITS2",2019-01-28,"10-20 cm","FST_40F_R1.fq.gz","FST_40F_R2.fq.gz","SAMN15049383","212_10_ITS","FST","2","1","2","212","Organic","Till","Manure","Manure System","Sample"
"35","FST_41F_R1.fq.gz",489166,489153,489141,441251,433311,434269,414433,379633,140,"FST_41F","1803869.004",41,"ITS2",2019-01-29,"10-20 cm","FST_41F_R1.fq.gz","FST_41F_R2.fq.gz","SAMN15049384","512_10_ITS","FST","5","1","2","512","Organic","Till","Manure","Manure System","Sample"
"36","FST_42F_R1.fq.gz",391688,391675,391649,354141,346165,347577,328053,298375,141,"FST_42F","1803875.004",42,"ITS2",2019-01-28,"10-20 cm","FST_42F_R1.fq.gz","FST_42F_R2.fq.gz","SAMN15049385","712_10_ITS","FST","7","1","2","712","Organic","Till","Manure","Manure System","Sample"
"37","FST_43F_R1.fq.gz",493482,493460,493417,447165,437981,439633,413093,376981,142,"FST_43F","1803887.004",43,"ITS2",2019-01-29,"10-20 cm","FST_43F_R1.fq.gz","FST_43F_R2.fq.gz","SAMN15049386","123_10_ITS","FST","1","2","3","123","Organic","No Till","Legume","Compost System","Sample"
"38","FST_44F_R1.fq.gz",332976,332959,332933,301972,294592,295854,277753,253946,143,"FST_44F","1803893.004",44,"ITS2",2019-01-29,"10-20 cm","FST_44F_R1.fq.gz","FST_44F_R2.fq.gz","SAMN15049387","323_10_ITS","FST","3","2","3","323","Organic","No Till","Legume","Compost System","Sample"
"39","FST_45F_R1.fq.gz",437426,437407,437385,392658,384711,386245,362856,316399,144,"FST_45F","1803899.004",45,"ITS2",2019-01-28,"10-20 cm","FST_45F_R1.fq.gz","FST_45F_R2.fq.gz","SAMN15049388","423_10_ITS","FST","4","2","3","423","Organic","No Till","Legume","Compost System","Sample"
"40","FST_46F_R1.fq.gz",529623,529601,529566,476181,467780,468633,444274,413076,145,"FST_46F","1803911.004",46,"ITS2",2019-01-28,"10-20 cm","FST_46F_R1.fq.gz","FST_46F_R2.fq.gz","SAMN15049389","223_10_ITS","FST","2","2","3","223","Organic","Till","Legume","Compost System","Sample"
"41","FST_47F_R1.fq.gz",533221,533198,533158,483262,474869,475886,453728,413614,146,"FST_47F","1803917.004",47,"ITS2",2019-01-29,"10-20 cm","FST_47F_R1.fq.gz","FST_47F_R2.fq.gz","SAMN15049390","523_10_ITS","FST","5","2","3","523","Organic","Till","Legume","Compost System","Sample"
"42","FST_48F_R1.fq.gz",481084,481051,481010,434086,425503,427191,402494,369107,147,"FST_48F","1803923.004",48,"ITS2",2019-01-28,"10-20 cm","FST_48F_R1.fq.gz","FST_48F_R2.fq.gz","SAMN15049391","723_10_ITS","FST","7","2","3","723","Organic","Till","Legume","Compost System","Sample"
"43","FST_49F_R1.fq.gz",327476,327472,327468,296582,293053,293172,284725,277612,148,"FST_49F","1803744.004",49,"ITS2",2019-01-28,"20-30 cm","FST_49F_R1.fq.gz","FST_49F_R2.fq.gz","SAMN15049392","231_20_ITS","FST","2","3","1","231","Conventional","Till","Conventional","No CoverCrop","Sample"
"44","FST_4F_R1.fq.gz",499565,499542,499510,453532,444002,445745,417738,378820,103,"FST_4F","1803766.004",4,"ITS2",2019-01-29,"0-10 cm","FST_4F_R1.fq.gz","FST_4F_R2.fq.gz","SAMN15049347","131_0_ITS","FST","1","3","1","131","Conventional","No Till","Conventional","No CoverCrop","Sample"
"45","FST_50F_R1.fq.gz",419830,419812,419786,381013,374316,375034,357225,335007,149,"FST_50F","1803750.004",50,"ITS2",2019-01-29,"20-30 cm","FST_50F_R1.fq.gz","FST_50F_R2.fq.gz","SAMN15049393","531_20_ITS","FST","5","3","1","531","Conventional","Till","Conventional","No CoverCrop","Sample"
"46","FST_51F_R1.fq.gz",575438,575412,575343,527768,522347,522154,508449,491165,150,"FST_51F","1803756.004",51,"ITS2",2019-01-29,"20-30 cm","FST_51F_R1.fq.gz","FST_51F_R2.fq.gz","SAMN15049394","731_20_ITS","FST","7","3","1","731","Conventional","Till","Conventional","No CoverCrop","Sample"
"47","FST_52F_R1.fq.gz",546323,546305,546228,494277,488163,488538,473689,457051,151,"FST_52F","1803768.004",52,"ITS2",2019-01-29,"20-30 cm","FST_52F_R1.fq.gz","FST_52F_R2.fq.gz","SAMN15049395","131_20_ITS","FST","1","3","1","131","Conventional","No Till","Conventional","No CoverCrop","Sample"
"48","FST_53F_R1.fq.gz",620216,620191,620128,563170,558756,558188,542187,532147,152,"FST_53F","1803774.004",53,"ITS2",2019-01-29,"20-30 cm","FST_53F_R1.fq.gz","FST_53F_R2.fq.gz","SAMN15049396","331_20_ITS","FST","3","3","1","331","Conventional","No Till","Conventional","No CoverCrop","Sample"
"49","FST_54F_R1.fq.gz",466401,466345,466074,423426,418265,417925,404769,388945,153,"FST_54F","1803780.004",54,"ITS2",2019-01-28,"20-30 cm","FST_54F_R1.fq.gz","FST_54F_R2.fq.gz","SAMN15049397","431_20_ITS","FST","4","3","1","431","Conventional","No Till","Conventional","No CoverCrop","Sample"
"50","FST_55F_R1.fq.gz",703783,703747,703685,638806,633077,633234,615936,601095,154,"FST_55F","1803792.004",55,"ITS2",2019-01-29,"20-30 cm","FST_55F_R1.fq.gz","FST_55F_R2.fq.gz","SAMN15049398","133_20_ITS","FST","1","3","3","133","Conservation","No Till","Conventional","CoverCrop","Sample"
"51","FST_56F_R1.fq.gz",649528,649491,649414,595247,588782,589279,570212,547995,155,"FST_56F","1803798.004",56,"ITS2",2019-01-28,"20-30 cm","FST_56F_R1.fq.gz","FST_56F_R2.fq.gz","SAMN15049399","333_20_ITS","FST","3","3","3","333","Conservation","No Till","Conventional","CoverCrop","Sample"
"52","FST_57F_R1.fq.gz",746854,746838,746779,680267,675793,675218,662832,643715,156,"FST_57F","1803804.004",57,"ITS2",2019-01-28,"20-30 cm","FST_57F_R1.fq.gz","FST_57F_R2.fq.gz","SAMN15049400","433_20_ITS","FST","4","3","3","433","Conservation","No Till","Conventional","CoverCrop","Sample"
"53","FST_58F_R1.fq.gz",632761,632740,632676,567588,561973,561576,545895,529770,157,"FST_58F","1803816.004",58,"ITS2",2019-01-28,"20-30 cm","FST_58F_R1.fq.gz","FST_58F_R2.fq.gz","SAMN15049401","233_20_ITS","FST","2","3","3","233","Conservation","Till","Conventional","CoverCrop","Sample"
"54","FST_59F_R1.fq.gz",501609,501587,501545,455925,452128,452585,444386,437067,158,"FST_59F","1803822.004",59,"ITS2",2019-01-29,"20-30 cm","FST_59F_R1.fq.gz","FST_59F_R2.fq.gz","SAMN15049402","533_20_ITS","FST","5","3","3","533","Conservation","Till","Conventional","CoverCrop","Sample"
"55","FST_5F_R1.fq.gz",615047,615017,614993,558216,549205,549902,513772,445459,104,"FST_5F","1803772.004",5,"ITS2",2019-01-29,"0-10 cm","FST_5F_R1.fq.gz","FST_5F_R2.fq.gz","SAMN15049348","331_0_ITS","FST","3","3","1","331","Conventional","No Till","Conventional","No CoverCrop","Sample"
"56","FST_60F_R1.fq.gz",671687,671647,671580,602332,597750,597715,583963,574782,159,"FST_60F","1803828.004",60,"ITS2",2019-01-29,"20-30 cm","FST_60F_R1.fq.gz","FST_60F_R2.fq.gz","SAMN15049403","733_20_ITS","FST","7","3","3","733","Conservation","Till","Conventional","CoverCrop","Sample"
"57","FST_61F_R1.fq.gz",508222,508204,508111,464270,459221,459253,445014,432192,160,"FST_61F","1803840.004",61,"ITS2",2019-01-29,"20-30 cm","FST_61F_R1.fq.gz","FST_61F_R2.fq.gz","SAMN15049404","112_20_ITS","FST","1","1","2","112","Organic","No Till","Manure","Manure System","Sample"
"58","FST_62F_R1.fq.gz",593897,593869,593791,534994,529125,529512,513889,497635,161,"FST_62F","1803846.004",62,"ITS2",2019-01-29,"20-30 cm","FST_62F_R1.fq.gz","FST_62F_R2.fq.gz","SAMN15049405","312_20_ITS","FST","3","1","2","312","Organic","No Till","Manure","Manure System","Sample"
"59","FST_63F_R1.fq.gz",572997,572980,572916,521295,514195,514502,485023,453861,162,"FST_63F","1803852.004",63,"ITS2",2019-01-28,"20-30 cm","FST_63F_R1.fq.gz","FST_63F_R2.fq.gz","SAMN15049406","412_20_ITS","FST","4","1","2","412","Organic","No Till","Manure","Manure System","Sample"
"60","FST_64F_R1.fq.gz",446598,446577,446520,406243,400612,400324,384304,355361,163,"FST_64F","1803864.004",64,"ITS2",2019-01-28,"20-30 cm","FST_64F_R1.fq.gz","FST_64F_R2.fq.gz","SAMN15049407","212_20_ITS","FST","2","1","2","212","Organic","Till","Manure","Manure System","Sample"
"61","FST_65F_R1.fq.gz",434230,434206,434150,395538,390479,390720,376042,359755,164,"FST_65F","1803870.004",65,"ITS2",2019-01-29,"20-30 cm","FST_65F_R1.fq.gz","FST_65F_R2.fq.gz","SAMN15049408","512_20_ITS","FST","5","1","2","512","Organic","Till","Manure","Manure System","Sample"
"62","FST_66F_R1.fq.gz",695694,695660,695548,636520,631155,630782,614793,599487,165,"FST_66F","1803876.004",66,"ITS2",2019-01-28,"20-30 cm","FST_66F_R1.fq.gz","FST_66F_R2.fq.gz","SAMN15049409","712_20_ITS","FST","7","1","2","712","Organic","Till","Manure","Manure System","Sample"
"63","FST_67F_R1.fq.gz",530679,530650,530570,484509,478365,478683,466213,441463,166,"FST_67F","1803888.004",67,"ITS2",2019-01-29,"20-30 cm","FST_67F_R1.fq.gz","FST_67F_R2.fq.gz","SAMN15049410","123_20_ITS","FST","1","2","3","123","Organic","No Till","Legume","Compost System","Sample"
"64","FST_68F_R1.fq.gz",571621,571591,571533,520166,515342,515408,498323,488035,167,"FST_68F","1803894.004",68,"ITS2",2019-01-29,"20-30 cm","FST_68F_R1.fq.gz","FST_68F_R2.fq.gz","SAMN15049411","323_20_ITS","FST","3","2","3","323","Organic","No Till","Legume","Compost System","Sample"
"65","FST_69F_R1.fq.gz",901041,900078,899857,825805,821700,821311,808663,793517,168,"FST_69F","1803900.004",69,"ITS2",2019-01-28,"20-30 cm","FST_69F_R1.fq.gz","FST_69F_R2.fq.gz","SAMN15049412","423_20_ITS","FST","4","2","3","423","Organic","No Till","Legume","Compost System","Sample"
"66","FST_6F_R1.fq.gz",548426,548403,548372,498515,489117,490652,464537,416370,105,"FST_6F","1803778.004",6,"ITS2",2019-01-28,"0-10 cm","FST_6F_R1.fq.gz","FST_6F_R2.fq.gz","SAMN15049349","431_0_ITS","FST","4","3","1","431","Conventional","No Till","Conventional","No CoverCrop","Sample"
"67","FST_70F_R1.fq.gz",551187,551171,551123,503839,499233,498697,484380,470126,169,"FST_70F","1803912.004",70,"ITS2",2019-01-28,"20-30 cm","FST_70F_R1.fq.gz","FST_70F_R2.fq.gz","SAMN15049413","223_20_ITS","FST","2","2","3","223","Organic","Till","Legume","Compost System","Sample"
"68","FST_71F_R1.fq.gz",554789,554763,554696,508598,503605,502965,488537,476325,170,"FST_71F","1803918.004",71,"ITS2",2019-01-29,"20-30 cm","FST_71F_R1.fq.gz","FST_71F_R2.fq.gz","SAMN15049414","523_20_ITS","FST","5","2","3","523","Organic","Till","Legume","Compost System","Sample"
"69","FST_72F_R1.fq.gz",562821,562805,562755,510420,505360,506270,492283,469824,171,"FST_72F","1803924.004",72,"ITS2",2019-01-28,"20-30 cm","FST_72F_R1.fq.gz","FST_72F_R2.fq.gz","SAMN15049415","723_20_ITS","FST","7","2","3","723","Organic","Till","Legume","Compost System","Sample"
"70","FST_73F_R1.fq.gz",631352,631331,631271,572439,568029,567848,551856,542006,172,"FST_73F","1803746.004",73,"ITS2",2019-01-28,"30-60 cm","FST_73F_R1.fq.gz","FST_73F_R2.fq.gz","SAMN15049416","231_30_ITS","FST","2","3","1","231","Conventional","Till","Conventional","No CoverCrop","Sample"
"71","FST_74F_R1.fq.gz",579316,579249,579211,534124,530594,529530,509015,497671,173,"FST_74F","1803751.004",74,"ITS2",2019-01-29,"30-60 cm","FST_74F_R1.fq.gz","FST_74F_R2.fq.gz","SAMN15049417","531_30_ITS","FST","5","3","1","531","Conventional","Till","Conventional","No CoverCrop","Sample"
"72","FST_75F_R1.fq.gz",627244,627233,627193,569661,564704,564471,544005,533174,174,"FST_75F","1803757.004",75,"ITS2",2019-01-29,"30-60 cm","FST_75F_R1.fq.gz","FST_75F_R2.fq.gz","SAMN15049418","731_30_ITS","FST","7","3","1","731","Conventional","Till","Conventional","No CoverCrop","Sample"
"73","FST_76F_R1.fq.gz",555138,555120,554985,497187,491039,490947,472261,425759,175,"FST_76F","1803769.004",76,"ITS2",2019-01-29,"30-60 cm","FST_76F_R1.fq.gz","FST_76F_R2.fq.gz","SAMN15049419","131_30_ITS","FST","1","3","1","131","Conventional","No Till","Conventional","No CoverCrop","Sample"
"74","FST_77F_R1.fq.gz",549766,549730,549678,485010,481305,481166,469381,463963,176,"FST_77F","1803775.004",77,"ITS2",2019-01-29,"30-60 cm","FST_77F_R1.fq.gz","FST_77F_R2.fq.gz","SAMN15049420","331_30_ITS","FST","3","3","1","331","Conventional","No Till","Conventional","No CoverCrop","Sample"
"75","FST_78F_R1.fq.gz",605639,605615,605197,545299,542224,542113,534985,508677,177,"FST_78F","1803781.004",78,"ITS2",2019-01-28,"30-60 cm","FST_78F_R1.fq.gz","FST_78F_R2.fq.gz","SAMN15049421","431_30_ITS","FST","4","3","1","431","Conventional","No Till","Conventional","No CoverCrop","Sample"
"76","FST_79F_R1.fq.gz",771514,771394,771327,711929,707338,707301,693790,680667,178,"FST_79F","1803793.004",79,"ITS2",2019-01-29,"30-60 cm","FST_79F_R1.fq.gz","FST_79F_R2.fq.gz","SAMN15049422","133_30_ITS","FST","1","3","3","133","Conservation","No Till","Conventional","CoverCrop","Sample"
"77","FST_7F_R1.fq.gz",583364,583341,583294,529346,519644,521066,491123,436558,106,"FST_7F","1803790.004",7,"ITS2",2019-01-29,"0-10 cm","FST_7F_R1.fq.gz","FST_7F_R2.fq.gz","SAMN15049350","133_0_ITS","FST","1","3","3","133","Conservation","No Till","Conventional","CoverCrop","Sample"
"78","FST_80F_R1.fq.gz",783611,783596,783541,711301,706347,706480,691407,673593,179,"FST_80F","1803799.004",80,"ITS2",2019-01-28,"30-60 cm","FST_80F_R1.fq.gz","FST_80F_R2.fq.gz","SAMN15049423","333_30_ITS","FST","3","3","3","333","Conservation","No Till","Conventional","CoverCrop","Sample"
"79","FST_81F_R1.fq.gz",902049,902004,901336,812054,806109,805774,791968,770908,180,"FST_81F","1803805.004",81,"ITS2",2019-01-28,"30-60 cm","FST_81F_R1.fq.gz","FST_81F_R2.fq.gz","SAMN15049424","433_30_ITS","FST","4","3","3","433","Conservation","No Till","Conventional","CoverCrop","Sample"
"80","FST_82F_R1.fq.gz",703132,703073,703029,644967,641033,640853,625954,614877,181,"FST_82F","1803817.004",82,"ITS2",2019-01-28,"30-60 cm","FST_82F_R1.fq.gz","FST_82F_R2.fq.gz","SAMN15049425","233_30_ITS","FST","2","3","3","233","Conservation","Till","Conventional","CoverCrop","Sample"
"81","FST_83F_R1.fq.gz",1088626,1088603,1087414,978506,973977,973363,961177,934456,182,"FST_83F","1803823.004",83,"ITS2",2019-01-29,"30-60 cm","FST_83F_R1.fq.gz","FST_83F_R2.fq.gz","SAMN15049426","533_30_ITS","FST","5","3","3","533","Conservation","Till","Conventional","CoverCrop","Sample"
"82","FST_84F_R1.fq.gz",533668,533656,533621,484983,481527,481505,471477,463318,183,"FST_84F","1803829.004",84,"ITS2",2019-01-29,"30-60 cm","FST_84F_R1.fq.gz","FST_84F_R2.fq.gz","SAMN15049427","733_30_ITS","FST","7","3","3","733","Conservation","Till","Conventional","CoverCrop","Sample"
"83","FST_85F_R1.fq.gz",524274,524255,524211,475992,472451,472699,462601,453949,184,"FST_85F","1803841.004",85,"ITS2",2019-01-29,"30-60 cm","FST_85F_R1.fq.gz","FST_85F_R2.fq.gz","SAMN15049428","112_30_ITS","FST","1","1","2","112","Organic","No Till","Manure","Manure System","Sample"
"84","FST_86F_R1.fq.gz",636894,636855,636504,566049,563106,563013,557668,544158,185,"FST_86F","1803847.004",86,"ITS2",2019-01-29,"30-60 cm","FST_86F_R1.fq.gz","FST_86F_R2.fq.gz","SAMN15049429","312_30_ITS","FST","3","1","2","312","Organic","No Till","Manure","Manure System","Sample"
"85","FST_87F_R1.fq.gz",423369,423356,423316,380397,376725,376550,366086,346961,186,"FST_87F","1803853.004",87,"ITS2",2019-01-28,"30-60 cm","FST_87F_R1.fq.gz","FST_87F_R2.fq.gz","SAMN15049430","412_30_ITS","FST","4","1","2","412","Organic","No Till","Manure","Manure System","Sample"
"86","FST_88F_R1.fq.gz",390575,390388,390287,356038,351708,351562,340584,318517,187,"FST_88F","1803865.004",88,"ITS2",2019-01-28,"30-60 cm","FST_88F_R1.fq.gz","FST_88F_R2.fq.gz","SAMN15049431","212_30_ITS","FST","2","1","2","212","Organic","Till","Manure","Manure System","Sample"
"87","FST_89F_R1.fq.gz",530094,530060,530014,483880,480497,480693,473677,468176,188,"FST_89F","1803871.004",89,"ITS2",2019-01-29,"30-60 cm","FST_89F_R1.fq.gz","FST_89F_R2.fq.gz","SAMN15049432","512_30_ITS","FST","5","1","2","512","Organic","Till","Manure","Manure System","Sample"
"88","FST_8F_R1.fq.gz",476006,475997,475972,431261,422175,423453,391342,351202,107,"FST_8F","1803796.004",8,"ITS2",2019-01-28,"0-10 cm","FST_8F_R1.fq.gz","FST_8F_R2.fq.gz","SAMN15049351","333_0_ITS","FST","3","3","3","333","Conservation","No Till","Conventional","CoverCrop","Sample"
"89","FST_90F_R1.fq.gz",550356,550318,550288,500326,497314,497619,490061,480715,189,"FST_90F","1803877.004",90,"ITS2",2019-01-28,"30-60 cm","FST_90F_R1.fq.gz","FST_90F_R2.fq.gz","SAMN15049433","712_30_ITS","FST","7","1","2","712","Organic","Till","Manure","Manure System","Sample"
"90","FST_91F_R1.fq.gz",528429,527919,527856,477940,474267,474136,463503,451839,190,"FST_91F","1803889.004",91,"ITS2",2019-01-29,"30-60 cm","FST_91F_R1.fq.gz","FST_91F_R2.fq.gz","SAMN15049434","123_30_ITS","FST","1","2","3","123","Organic","No Till","Legume","Compost System","Sample"
"91","FST_92F_R1.fq.gz",480452,480402,480351,438601,434873,434939,422367,413792,191,"FST_92F","1803895.004",92,"ITS2",2019-01-29,"30-60 cm","FST_92F_R1.fq.gz","FST_92F_R2.fq.gz","SAMN15049435","323_30_ITS","FST","3","2","3","323","Organic","No Till","Legume","Compost System","Sample"
"92","FST_93F_R1.fq.gz",477717,477627,477569,433369,429740,429152,418510,398942,192,"FST_93F","1803901.004",93,"ITS2",2019-01-28,"30-60 cm","FST_93F_R1.fq.gz","FST_93F_R2.fq.gz","SAMN15049436","423_30_ITS","FST","4","2","3","423","Organic","No Till","Legume","Compost System","Sample"
"93","FST_94F_R1.fq.gz",387573,387541,387492,357530,354636,354587,347466,342102,193,"FST_94F","1803913.004",94,"ITS2",2019-01-28,"30-60 cm","FST_94F_R1.fq.gz","FST_94F_R2.fq.gz","SAMN15049437","223_30_ITS","FST","2","2","3","223","Organic","Till","Legume","Compost System","Sample"
"94","FST_95F_R1.fq.gz",552131,552097,551989,497835,493950,493543,478292,464930,194,"FST_95F","1803919.004",95,"ITS2",2019-01-29,"30-60 cm","FST_95F_R1.fq.gz","FST_95F_R2.fq.gz","SAMN15049438","523_30_ITS","FST","5","2","3","523","Organic","Till","Legume","Compost System","Sample"
"95","FST_96F_R1.fq.gz",559272,559152,558776,509834,505182,504904,483549,467316,195,"FST_96F","1803925.004",96,"ITS2",2019-01-28,"30-60 cm","FST_96F_R1.fq.gz","FST_96F_R2.fq.gz","SAMN15049439","723_30_ITS","FST","7","2","3","723","Organic","Till","Legume","Compost System","Sample"
"96","FST_97F_R1.fq.gz",616082,616040,615551,504250,501722,500854,495074,483278,196,"FST_97F","Extraction Blank1",97,"ITS2",NA,"","FST_97F_R1.fq.gz","FST_97F_R2.fq.gz","SAMN15049440","","",NA,NA,NA,NA,"","","","","Control"
"97","FST_98F_R1.fq.gz",1413118,1413094,1394663,816668,812926,812282,792797,752245,197,"FST_98F","Extraction Blank2",98,"ITS2",NA,"","FST_98F_R1.fq.gz","FST_98F_R2.fq.gz","SAMN15049441","","",NA,NA,NA,NA,"","","","","Control"
"98","FST_99F_R1.fq.gz",776317,776296,775996,705218,702062,701591,690584,668460,198,"FST_99F","Extraction Blank3",99,"ITS2",NA,"","FST_99F_R1.fq.gz","FST_99F_R2.fq.gz","SAMN15049442","","",NA,NA,NA,NA,"","","","","Control"
"99","FST_9F_R1.fq.gz",442800,442770,442760,401960,396215,397136,384780,367915,108,"FST_9F","1803802.004",9,"ITS2",2019-01-28,"0-10 cm","FST_9F_R1.fq.gz","FST_9F_R2.fq.gz","SAMN15049352","433_0_ITS","FST","4","3","3","433","Conservation","No Till","Conventional","CoverCrop","Sample"
