Sample_Number,SRA_Sample_Name,SWRC_ID,SeqTubeID,Gene,Date_Collected,Sample_Depth,SRA_File_Name_1,SRA_File_Name_2,SRA_Accession_Number,SRA_library_ID,Site,ID_Rep,ID_Sys,ID_EP,ID_Sys_EP,ID_subplot,Plot,Fertility_Source,Management_System,Pesticide_Application,Tillage,Cover_Crop,isSample,isNeg
1,FST_1P,1803742.004,1,16S,1/28/19,0-10 cm,FST_1P_R1.fq.gz,FST_1P_R2.fq.gz,SAMN15049245,231_0_16S,FST,2,3,1,31,NA,FST_231,Synthetic Fertilizer,Conventional,Synthetic Pesticide,Till,No Cover Crop,TRUE,FALSE
2,FST_2P,1803748.004,2,16S,1/29/19,0-10 cm,FST_2P_R1.fq.gz,FST_2P_R2.fq.gz,SAMN15049246,531_0_16S,FST,5,3,1,31,NA,FST_531,Synthetic Fertilizer,Conventional,Synthetic Pesticide,Till,No Cover Crop,TRUE,FALSE
3,FST_3P,1803754.004,3,16S,1/29/19,0-10 cm,FST_3P_R1.fq.gz,FST_3P_R2.fq.gz,SAMN15049247,731_0_16S,FST,7,3,1,31,NA,FST_731,Synthetic Fertilizer,Conventional,Synthetic Pesticide,Till,No Cover Crop,TRUE,FALSE
4,FST_4P,1803766.004,4,16S,1/29/19,0-10 cm,FST_4P_R1.fq.gz,FST_4P_R2.fq.gz,SAMN15049248,131_0_16S,FST,1,3,1,31,NA,FST_131,Synthetic Fertilizer,Conventional,Synthetic Pesticide,Reduced Till,No Cover Crop,TRUE,FALSE
5,FST_5P,1803772.004,5,16S,1/29/19,0-10 cm,FST_5P_R1.fq.gz,FST_5P_R2.fq.gz,SAMN15049249,331_0_16S,FST,3,3,1,31,NA,FST_331,Synthetic Fertilizer,Conventional,Synthetic Pesticide,Reduced Till,No Cover Crop,TRUE,FALSE
6,FST_6P,1803778.004,6,16S,1/28/19,0-10 cm,FST_6P_R1.fq.gz,FST_6P_R2.fq.gz,SAMN15049250,431_0_16S,FST,4,3,1,31,NA,FST_431,Synthetic Fertilizer,Conventional,Synthetic Pesticide,Reduced Till,No Cover Crop,TRUE,FALSE
7,FST_7P,1803790.004,7,16S,1/29/19,0-10 cm,FST_7P_R1.fq.gz,FST_7P_R2.fq.gz,SAMN15049251,133_0_16S,FST,1,3,3,33,NA,FST_133,Synthetic Fertilizer,Conventional,Synthetic Pesticide,Reduced Till,Cover Crop,TRUE,FALSE
8,FST_8P,1803796.004,8,16S,1/28/19,0-10 cm,FST_8P_R1.fq.gz,FST_8P_R2.fq.gz,SAMN15049252,333_0_16S,FST,3,3,3,33,NA,FST_333,Synthetic Fertilizer,Conventional,Synthetic Pesticide,Reduced Till,Cover Crop,TRUE,FALSE
9,FST_9P,1803802.004,9,16S,1/28/19,0-10 cm,FST_9P_R1.fq.gz,FST_9P_R2.fq.gz,SAMN15049253,433_0_16S,FST,4,3,3,33,NA,FST_433,Synthetic Fertilizer,Conventional,Synthetic Pesticide,Reduced Till,Cover Crop,TRUE,FALSE
10,FST_10P,1803814.004,10,16S,1/28/19,0-10 cm,FST_10P_R1.fq.gz,FST_10P_R2.fq.gz,SAMN15049254,233_0_16S,FST,2,3,3,33,NA,FST_233,Synthetic Fertilizer,Conventional,Synthetic Pesticide,Till,Cover Crop,TRUE,FALSE
11,FST_11P,1803820.004,11,16S,1/29/19,0-10 cm,FST_11P_R1.fq.gz,FST_11P_R2.fq.gz,SAMN15049255,533_0_16S,FST,5,3,3,33,NA,FST_533,Synthetic Fertilizer,Conventional,Synthetic Pesticide,Till,Cover Crop,TRUE,FALSE
12,FST_12P,1803826.004,12,16S,1/29/19,0-10 cm,FST_12P_R1.fq.gz,FST_12P_R2.fq.gz,SAMN15049256,733_0_16S,FST,7,3,3,33,NA,FST_733,Synthetic Fertilizer,Conventional,Synthetic Pesticide,Till,Cover Crop,TRUE,FALSE
13,FST_13P,1803838.004,13,16S,1/29/19,0-10 cm,FST_13P_R1.fq.gz,FST_13P_R2.fq.gz,SAMN15049257,112_0_16S,FST,1,1,2,12,NA,FST_112,Manure,Organic,None,Reduced Till,Cover Crop,TRUE,FALSE
14,FST_14P,1803844.004,14,16S,1/29/19,0-10 cm,FST_14P_R1.fq.gz,FST_14P_R2.fq.gz,SAMN15049258,312_0_16S,FST,3,1,2,12,NA,FST_312,Manure,Organic,None,Reduced Till,Cover Crop,TRUE,FALSE
15,FST_15P,1803850.004,15,16S,1/28/19,0-10 cm,FST_15P_R1.fq.gz,FST_15P_R2.fq.gz,SAMN15049259,412_0_16S,FST,4,1,2,12,NA,FST_412,Manure,Organic,None,Reduced Till,Cover Crop,TRUE,FALSE
16,FST_16P,1803862.004,16,16S,1/28/19,0-10 cm,FST_16P_R1.fq.gz,FST_16P_R2.fq.gz,SAMN15049260,212_0_16S,FST,2,1,2,12,NA,FST_212,Manure,Organic,None,Till,Cover Crop,TRUE,FALSE
17,FST_17P,1803868.004,17,16S,1/29/19,0-10 cm,FST_17P_R1.fq.gz,FST_17P_R2.fq.gz,SAMN15049261,512_0_16S,FST,5,1,2,12,NA,FST_512,Manure,Organic,None,Till,Cover Crop,TRUE,FALSE
18,FST_18P,1803874.004,18,16S,1/28/19,0-10 cm,FST_18P_R1.fq.gz,FST_18P_R2.fq.gz,SAMN15049262,712_0_16S,FST,7,1,2,12,NA,FST_712,Manure,Organic,None,Till,Cover Crop,TRUE,FALSE
19,FST_19P,1803886.004,19,16S,1/29/19,0-10 cm,FST_19P_R1.fq.gz,FST_19P_R2.fq.gz,SAMN15049263,123_0_16S,FST,1,2,3,23,NA,FST_123,Legume,Organic,None,Reduced Till,Cover Crop,TRUE,FALSE
20,FST_20P,1803892.004,20,16S,1/29/19,0-10 cm,FST_20P_R1.fq.gz,FST_20P_R2.fq.gz,SAMN15049264,323_0_16S,FST,3,2,3,23,NA,FST_323,Legume,Organic,None,Reduced Till,Cover Crop,TRUE,FALSE
21,FST_21P,1803898.004,21,16S,1/28/19,0-10 cm,FST_21P_R1.fq.gz,FST_21P_R2.fq.gz,SAMN15049265,423_0_16S,FST,4,2,3,23,NA,FST_423,Legume,Organic,None,Reduced Till,Cover Crop,TRUE,FALSE
22,FST_22P,1803910.004,22,16S,1/28/19,0-10 cm,FST_22P_R1.fq.gz,FST_22P_R2.fq.gz,SAMN15049266,223_0_16S,FST,2,2,3,23,NA,FST_223,Legume,Organic,None,Till,Cover Crop,TRUE,FALSE
23,FST_23P,1803916.004,23,16S,1/29/19,0-10 cm,FST_23P_R1.fq.gz,FST_23P_R2.fq.gz,SAMN15049267,523_0_16S,FST,5,2,3,23,NA,FST_523,Legume,Organic,None,Till,Cover Crop,TRUE,FALSE
24,FST_24P,1803922.004,24,16S,1/28/19,0-10 cm,FST_24P_R1.fq.gz,FST_24P_R2.fq.gz,SAMN15049268,723_0_16S,FST,7,2,3,23,NA,FST_723,Legume,Organic,None,Till,Cover Crop,TRUE,FALSE
25,FST_25P,1803743.004,25,16S,1/28/19,10-20 cm,FST_25P_R1.fq.gz,FST_25P_R2.fq.gz,SAMN15049269,231_10_16S,FST,2,3,1,31,NA,FST_231,Synthetic Fertilizer,Conventional,Synthetic Pesticide,Till,No Cover Crop,TRUE,FALSE
26,FST_26P,1803749.004,26,16S,1/29/19,10-20 cm,FST_26P_R1.fq.gz,FST_26P_R2.fq.gz,SAMN15049270,531_10_16S,FST,5,3,1,31,NA,FST_531,Synthetic Fertilizer,Conventional,Synthetic Pesticide,Till,No Cover Crop,TRUE,FALSE
27,FST_27P,1803755.004,27,16S,1/29/19,10-20 cm,FST_27P_R1.fq.gz,FST_27P_R2.fq.gz,SAMN15049271,731_10_16S,FST,7,3,1,31,NA,FST_731,Synthetic Fertilizer,Conventional,Synthetic Pesticide,Till,No Cover Crop,TRUE,FALSE
28,FST_28P,1803767.004,28,16S,1/29/19,10-20 cm,FST_28P_R1.fq.gz,FST_28P_R2.fq.gz,SAMN15049272,131_10_16S,FST,1,3,1,31,NA,FST_131,Synthetic Fertilizer,Conventional,Synthetic Pesticide,Reduced Till,No Cover Crop,TRUE,FALSE
29,FST_29P,1803773.004,29,16S,1/29/19,10-20 cm,FST_29P_R1.fq.gz,FST_29P_R2.fq.gz,SAMN15049273,331_10_16S,FST,3,3,1,31,NA,FST_331,Synthetic Fertilizer,Conventional,Synthetic Pesticide,Reduced Till,No Cover Crop,TRUE,FALSE
30,FST_30P,1803779.004,30,16S,1/28/19,10-20 cm,FST_30P_R1.fq.gz,FST_30P_R2.fq.gz,SAMN15049274,431_10_16S,FST,4,3,1,31,NA,FST_431,Synthetic Fertilizer,Conventional,Synthetic Pesticide,Reduced Till,No Cover Crop,TRUE,FALSE
31,FST_31P,1803791.004,31,16S,1/29/19,10-20 cm,FST_31P_R1.fq.gz,FST_31P_R2.fq.gz,SAMN15049275,133_10_16S,FST,1,3,3,33,NA,FST_133,Synthetic Fertilizer,Conventional,Synthetic Pesticide,Reduced Till,Cover Crop,TRUE,FALSE
32,FST_32P,1803797.004,32,16S,1/28/19,10-20 cm,FST_32P_R1.fq.gz,FST_32P_R2.fq.gz,SAMN15049276,333_10_16S,FST,3,3,3,33,NA,FST_333,Synthetic Fertilizer,Conventional,Synthetic Pesticide,Reduced Till,Cover Crop,TRUE,FALSE
33,FST_33P,1803803.004,33,16S,1/28/19,10-20 cm,FST_33P_R1.fq.gz,FST_33P_R2.fq.gz,SAMN15049277,433_10_16S,FST,4,3,3,33,NA,FST_433,Synthetic Fertilizer,Conventional,Synthetic Pesticide,Reduced Till,Cover Crop,TRUE,FALSE
34,FST_34P,1803815.004,34,16S,1/28/19,10-20 cm,FST_34P_R1.fq.gz,FST_34P_R2.fq.gz,SAMN15049278,233_10_16S,FST,2,3,3,33,NA,FST_233,Synthetic Fertilizer,Conventional,Synthetic Pesticide,Till,Cover Crop,TRUE,FALSE
35,FST_35P,1803821.004,35,16S,1/29/19,10-20 cm,FST_35P_R1.fq.gz,FST_35P_R2.fq.gz,SAMN15049279,533_10_16S,FST,5,3,3,33,NA,FST_533,Synthetic Fertilizer,Conventional,Synthetic Pesticide,Till,Cover Crop,TRUE,FALSE
36,FST_36P,1803827.004,36,16S,1/29/19,10-20 cm,FST_36P_R1.fq.gz,FST_36P_R2.fq.gz,SAMN15049280,733_10_16S,FST,7,3,3,33,NA,FST_733,Synthetic Fertilizer,Conventional,Synthetic Pesticide,Till,Cover Crop,TRUE,FALSE
37,FST_37P,1803839.004,37,16S,1/29/19,10-20 cm,FST_37P_R1.fq.gz,FST_37P_R2.fq.gz,SAMN15049281,112_10_16S,FST,1,1,2,12,NA,FST_112,Manure,Organic,None,Reduced Till,Cover Crop,TRUE,FALSE
38,FST_38P,1803845.004,38,16S,1/29/19,10-20 cm,FST_38P_R1.fq.gz,FST_38P_R2.fq.gz,SAMN15049282,312_10_16S,FST,3,1,2,12,NA,FST_312,Manure,Organic,None,Reduced Till,Cover Crop,TRUE,FALSE
39,FST_39P,1803851.004,39,16S,1/28/19,10-20 cm,FST_39P_R1.fq.gz,FST_39P_R2.fq.gz,SAMN15049283,412_10_16S,FST,4,1,2,12,NA,FST_412,Manure,Organic,None,Reduced Till,Cover Crop,TRUE,FALSE
40,FST_40P,1803863.004,40,16S,1/28/19,10-20 cm,FST_40P_R1.fq.gz,FST_40P_R2.fq.gz,SAMN15049284,212_10_16S,FST,2,1,2,12,NA,FST_212,Manure,Organic,None,Till,Cover Crop,TRUE,FALSE
41,FST_41P,1803869.004,41,16S,1/29/19,10-20 cm,FST_41P_R1.fq.gz,FST_41P_R2.fq.gz,SAMN15049285,512_10_16S,FST,5,1,2,12,NA,FST_512,Manure,Organic,None,Till,Cover Crop,TRUE,FALSE
42,FST_42P,1803875.004,42,16S,1/28/19,10-20 cm,FST_42P_R1.fq.gz,FST_42P_R2.fq.gz,SAMN15049286,712_10_16S,FST,7,1,2,12,NA,FST_712,Manure,Organic,None,Till,Cover Crop,TRUE,FALSE
43,FST_43P,1803887.004,43,16S,1/29/19,10-20 cm,FST_43P_R1.fq.gz,FST_43P_R2.fq.gz,SAMN15049287,123_10_16S,FST,1,2,3,23,NA,FST_123,Legume,Organic,None,Reduced Till,Cover Crop,TRUE,FALSE
44,FST_44P,1803893.004,44,16S,1/29/19,10-20 cm,FST_44P_R1.fq.gz,FST_44P_R2.fq.gz,SAMN15049288,323_10_16S,FST,3,2,3,23,NA,FST_323,Legume,Organic,None,Reduced Till,Cover Crop,TRUE,FALSE
45,FST_45P,1803899.004,45,16S,1/28/19,10-20 cm,FST_45P_R1.fq.gz,FST_45P_R2.fq.gz,SAMN15049289,423_10_16S,FST,4,2,3,23,NA,FST_423,Legume,Organic,None,Reduced Till,Cover Crop,TRUE,FALSE
46,FST_46P,1803911.004,46,16S,1/28/19,10-20 cm,FST_46P_R1.fq.gz,FST_46P_R2.fq.gz,SAMN15049290,223_10_16S,FST,2,2,3,23,NA,FST_223,Legume,Organic,None,Till,Cover Crop,TRUE,FALSE
47,FST_47P,1803917.004,47,16S,1/29/19,10-20 cm,FST_47P_R1.fq.gz,FST_47P_R2.fq.gz,SAMN15049291,523_10_16S,FST,5,2,3,23,NA,FST_523,Legume,Organic,None,Till,Cover Crop,TRUE,FALSE
48,FST_48P,1803923.004,48,16S,1/28/19,10-20 cm,FST_48P_R1.fq.gz,FST_48P_R2.fq.gz,SAMN15049292,723_10_16S,FST,7,2,3,23,NA,FST_723,Legume,Organic,None,Till,Cover Crop,TRUE,FALSE
49,FST_49P,1803744.004,49,16S,1/28/19,20-30 cm,FST_49P_R1.fq.gz,FST_49P_R2.fq.gz,SAMN15049293,231_20_16S,FST,2,3,1,31,NA,FST_231,Synthetic Fertilizer,Conventional,Synthetic Pesticide,Till,No Cover Crop,TRUE,FALSE
50,FST_50P,1803750.004,50,16S,1/29/19,20-30 cm,FST_50P_R1.fq.gz,FST_50P_R2.fq.gz,SAMN15049294,531_20_16S,FST,5,3,1,31,NA,FST_531,Synthetic Fertilizer,Conventional,Synthetic Pesticide,Till,No Cover Crop,TRUE,FALSE
51,FST_51P,1803756.004,51,16S,1/29/19,20-30 cm,FST_51P_R1.fq.gz,FST_51P_R2.fq.gz,SAMN15049295,731_20_16S,FST,7,3,1,31,NA,FST_731,Synthetic Fertilizer,Conventional,Synthetic Pesticide,Till,No Cover Crop,TRUE,FALSE
52,FST_52P,1803768.004,52,16S,1/29/19,20-30 cm,FST_52P_R1.fq.gz,FST_52P_R2.fq.gz,SAMN15049296,131_20_16S,FST,1,3,1,31,NA,FST_131,Synthetic Fertilizer,Conventional,Synthetic Pesticide,Reduced Till,No Cover Crop,TRUE,FALSE
53,FST_53P,1803774.004,53,16S,1/29/19,20-30 cm,FST_53P_R1.fq.gz,FST_53P_R2.fq.gz,SAMN15049297,331_20_16S,FST,3,3,1,31,NA,FST_331,Synthetic Fertilizer,Conventional,Synthetic Pesticide,Reduced Till,No Cover Crop,TRUE,FALSE
54,FST_54P,1803780.004,54,16S,1/28/19,20-30 cm,FST_54P_R1.fq.gz,FST_54P_R2.fq.gz,SAMN15049298,431_20_16S,FST,4,3,1,31,NA,FST_431,Synthetic Fertilizer,Conventional,Synthetic Pesticide,Reduced Till,No Cover Crop,TRUE,FALSE
55,FST_55P,1803792.004,55,16S,1/29/19,20-30 cm,FST_55P_R1.fq.gz,FST_55P_R2.fq.gz,SAMN15049299,133_20_16S,FST,1,3,3,33,NA,FST_133,Synthetic Fertilizer,Conventional,Synthetic Pesticide,Reduced Till,Cover Crop,TRUE,FALSE
56,FST_56P,1803798.004,56,16S,1/28/19,20-30 cm,FST_56P_R1.fq.gz,FST_56P_R2.fq.gz,SAMN15049300,333_20_16S,FST,3,3,3,33,NA,FST_333,Synthetic Fertilizer,Conventional,Synthetic Pesticide,Reduced Till,Cover Crop,TRUE,FALSE
57,FST_57P,1803804.004,57,16S,1/28/19,20-30 cm,FST_57P_R1.fq.gz,FST_57P_R2.fq.gz,SAMN15049301,433_20_16S,FST,4,3,3,33,NA,FST_433,Synthetic Fertilizer,Conventional,Synthetic Pesticide,Reduced Till,Cover Crop,TRUE,FALSE
58,FST_58P,1803816.004,58,16S,1/28/19,20-30 cm,FST_58P_R1.fq.gz,FST_58P_R2.fq.gz,SAMN15049302,233_20_16S,FST,2,3,3,33,NA,FST_233,Synthetic Fertilizer,Conventional,Synthetic Pesticide,Till,Cover Crop,TRUE,FALSE
59,FST_59P,1803822.004,59,16S,1/29/19,20-30 cm,FST_59P_R1.fq.gz,FST_59P_R2.fq.gz,SAMN15049303,533_20_16S,FST,5,3,3,33,NA,FST_533,Synthetic Fertilizer,Conventional,Synthetic Pesticide,Till,Cover Crop,TRUE,FALSE
60,FST_60P,1803828.004,60,16S,1/29/19,20-30 cm,FST_60P_R1.fq.gz,FST_60P_R2.fq.gz,SAMN15049304,733_20_16S,FST,7,3,3,33,NA,FST_733,Synthetic Fertilizer,Conventional,Synthetic Pesticide,Till,Cover Crop,TRUE,FALSE
61,FST_61P,1803840.004,61,16S,1/29/19,20-30 cm,FST_61P_R1.fq.gz,FST_61P_R2.fq.gz,SAMN15049305,112_20_16S,FST,1,1,2,12,NA,FST_112,Manure,Organic,None,Reduced Till,Cover Crop,TRUE,FALSE
62,FST_62P,1803846.004,62,16S,1/29/19,20-30 cm,FST_62P_R1.fq.gz,FST_62P_R2.fq.gz,SAMN15049306,312_20_16S,FST,3,1,2,12,NA,FST_312,Manure,Organic,None,Reduced Till,Cover Crop,TRUE,FALSE
63,FST_63P,1803852.004,63,16S,1/28/19,20-30 cm,FST_63P_R1.fq.gz,FST_63P_R2.fq.gz,SAMN15049307,412_20_16S,FST,4,1,2,12,NA,FST_412,Manure,Organic,None,Reduced Till,Cover Crop,TRUE,FALSE
64,FST_64P,1803864.004,64,16S,1/28/19,20-30 cm,FST_64P_R1.fq.gz,FST_64P_R2.fq.gz,SAMN15049308,212_20_16S,FST,2,1,2,12,NA,FST_212,Manure,Organic,None,Till,Cover Crop,TRUE,FALSE
65,FST_65P,1803870.004,65,16S,1/29/19,20-30 cm,FST_65P_R1.fq.gz,FST_65P_R2.fq.gz,SAMN15049309,512_20_16S,FST,5,1,2,12,NA,FST_512,Manure,Organic,None,Till,Cover Crop,TRUE,FALSE
66,FST_66P,1803876.004,66,16S,1/28/19,20-30 cm,FST_66P_R1.fq.gz,FST_66P_R2.fq.gz,SAMN15049310,712_20_16S,FST,7,1,2,12,NA,FST_712,Manure,Organic,None,Till,Cover Crop,TRUE,FALSE
67,FST_67P,1803888.004,67,16S,1/29/19,20-30 cm,FST_67P_R1.fq.gz,FST_67P_R2.fq.gz,SAMN15049311,123_20_16S,FST,1,2,3,23,NA,FST_123,Legume,Organic,None,Reduced Till,Cover Crop,TRUE,FALSE
68,FST_68P,1803894.004,68,16S,1/29/19,20-30 cm,FST_68P_R1.fq.gz,FST_68P_R2.fq.gz,SAMN15049312,323_20_16S,FST,3,2,3,23,NA,FST_323,Legume,Organic,None,Reduced Till,Cover Crop,TRUE,FALSE
69,FST_69P,1803900.004,69,16S,1/28/19,20-30 cm,FST_69P_R1.fq.gz,FST_69P_R2.fq.gz,SAMN15049313,423_20_16S,FST,4,2,3,23,NA,FST_423,Legume,Organic,None,Reduced Till,Cover Crop,TRUE,FALSE
70,FST_70P,1803912.004,70,16S,1/28/19,20-30 cm,FST_70P_R1.fq.gz,FST_70P_R2.fq.gz,SAMN15049314,223_20_16S,FST,2,2,3,23,NA,FST_223,Legume,Organic,None,Till,Cover Crop,TRUE,FALSE
71,FST_71P,1803918.004,71,16S,1/29/19,20-30 cm,FST_71P_R1.fq.gz,FST_71P_R2.fq.gz,SAMN15049315,523_20_16S,FST,5,2,3,23,NA,FST_523,Legume,Organic,None,Till,Cover Crop,TRUE,FALSE
72,FST_72P,1803924.004,72,16S,1/28/19,20-30 cm,FST_72P_R1.fq.gz,FST_72P_R2.fq.gz,SAMN15049316,723_20_16S,FST,7,2,3,23,NA,FST_723,Legume,Organic,None,Till,Cover Crop,TRUE,FALSE
73,FST_73P,1803746.004,73,16S,1/28/19,30-60 cm,FST_73P_R1.fq.gz,FST_73P_R2.fq.gz,SAMN15049317,231_30_16S,FST,2,3,1,31,NA,FST_231,Synthetic Fertilizer,Conventional,Synthetic Pesticide,Till,No Cover Crop,TRUE,FALSE
74,FST_74P,1803751.004,74,16S,1/29/19,30-60 cm,FST_74P_R1.fq.gz,FST_74P_R2.fq.gz,SAMN15049318,531_30_16S,FST,5,3,1,31,NA,FST_531,Synthetic Fertilizer,Conventional,Synthetic Pesticide,Till,No Cover Crop,TRUE,FALSE
75,FST_75P,1803757.004,75,16S,1/29/19,30-60 cm,FST_75P_R1.fq.gz,FST_75P_R2.fq.gz,SAMN15049319,731_30_16S,FST,7,3,1,31,NA,FST_731,Synthetic Fertilizer,Conventional,Synthetic Pesticide,Till,No Cover Crop,TRUE,FALSE
76,FST_76P,1803769.004,76,16S,1/29/19,30-60 cm,FST_76P_R1.fq.gz,FST_76P_R2.fq.gz,SAMN15049320,131_30_16S,FST,1,3,1,31,NA,FST_131,Synthetic Fertilizer,Conventional,Synthetic Pesticide,Reduced Till,No Cover Crop,TRUE,FALSE
77,FST_77P,1803775.004,77,16S,1/29/19,30-60 cm,FST_77P_R1.fq.gz,FST_77P_R2.fq.gz,SAMN15049321,331_30_16S,FST,3,3,1,31,NA,FST_331,Synthetic Fertilizer,Conventional,Synthetic Pesticide,Reduced Till,No Cover Crop,TRUE,FALSE
78,FST_78P,1803781.004,78,16S,1/28/19,30-60 cm,FST_78P_R1.fq.gz,FST_78P_R2.fq.gz,SAMN15049322,431_30_16S,FST,4,3,1,31,NA,FST_431,Synthetic Fertilizer,Conventional,Synthetic Pesticide,Reduced Till,No Cover Crop,TRUE,FALSE
79,FST_79P,1803793.004,79,16S,1/29/19,30-60 cm,FST_79P_R1.fq.gz,FST_79P_R2.fq.gz,SAMN15049323,133_30_16S,FST,1,3,3,33,NA,FST_133,Synthetic Fertilizer,Conventional,Synthetic Pesticide,Reduced Till,Cover Crop,TRUE,FALSE
80,FST_80P,1803799.004,80,16S,1/28/19,30-60 cm,FST_80P_R1.fq.gz,FST_80P_R2.fq.gz,SAMN15049324,333_30_16S,FST,3,3,3,33,NA,FST_333,Synthetic Fertilizer,Conventional,Synthetic Pesticide,Reduced Till,Cover Crop,TRUE,FALSE
81,FST_81P,1803805.004,81,16S,1/28/19,30-60 cm,FST_81P_R1.fq.gz,FST_81P_R2.fq.gz,SAMN15049325,433_30_16S,FST,4,3,3,33,NA,FST_433,Synthetic Fertilizer,Conventional,Synthetic Pesticide,Reduced Till,Cover Crop,TRUE,FALSE
82,FST_82P,1803817.004,82,16S,1/28/19,30-60 cm,FST_82P_R1.fq.gz,FST_82P_R2.fq.gz,SAMN15049326,233_30_16S,FST,2,3,3,33,NA,FST_233,Synthetic Fertilizer,Conventional,Synthetic Pesticide,Till,Cover Crop,TRUE,FALSE
83,FST_83P,1803823.004,83,16S,1/29/19,30-60 cm,FST_83P_R1.fq.gz,FST_83P_R2.fq.gz,SAMN15049327,533_30_16S,FST,5,3,3,33,NA,FST_533,Synthetic Fertilizer,Conventional,Synthetic Pesticide,Till,Cover Crop,TRUE,FALSE
84,FST_84P,1803829.004,84,16S,1/29/19,30-60 cm,FST_84P_R1.fq.gz,FST_84P_R2.fq.gz,SAMN15049328,733_30_16S,FST,7,3,3,33,NA,FST_733,Synthetic Fertilizer,Conventional,Synthetic Pesticide,Till,Cover Crop,TRUE,FALSE
85,FST_85P,1803841.004,85,16S,1/29/19,30-60 cm,FST_85P_R1.fq.gz,FST_85P_R2.fq.gz,SAMN15049329,112_30_16S,FST,1,1,2,12,NA,FST_112,Manure,Organic,None,Reduced Till,Cover Crop,TRUE,FALSE
86,FST_86P,1803847.004,86,16S,1/29/19,30-60 cm,FST_86P_R1.fq.gz,FST_86P_R2.fq.gz,SAMN15049330,312_30_16S,FST,3,1,2,12,NA,FST_312,Manure,Organic,None,Reduced Till,Cover Crop,TRUE,FALSE
87,FST_87P,1803853.004,87,16S,1/28/19,30-60 cm,FST_87P_R1.fq.gz,FST_87P_R2.fq.gz,SAMN15049331,412_30_16S,FST,4,1,2,12,NA,FST_412,Manure,Organic,None,Reduced Till,Cover Crop,TRUE,FALSE
88,FST_88P,1803865.004,88,16S,1/28/19,30-60 cm,FST_88P_R1.fq.gz,FST_88P_R2.fq.gz,SAMN15049332,212_30_16S,FST,2,1,2,12,NA,FST_212,Manure,Organic,None,Till,Cover Crop,TRUE,FALSE
89,FST_89P,1803871.004,89,16S,1/29/19,30-60 cm,FST_89P_R1.fq.gz,FST_89P_R2.fq.gz,SAMN15049333,512_30_16S,FST,5,1,2,12,NA,FST_512,Manure,Organic,None,Till,Cover Crop,TRUE,FALSE
90,FST_90P,1803877.004,90,16S,1/28/19,30-60 cm,FST_90P_R1.fq.gz,FST_90P_R2.fq.gz,SAMN15049334,712_30_16S,FST,7,1,2,12,NA,FST_712,Manure,Organic,None,Till,Cover Crop,TRUE,FALSE
91,FST_91P,1803889.004,91,16S,1/29/19,30-60 cm,FST_91P_R1.fq.gz,FST_91P_R2.fq.gz,SAMN15049335,123_30_16S,FST,1,2,3,23,NA,FST_123,Legume,Organic,None,Reduced Till,Cover Crop,TRUE,FALSE
92,FST_92P,1803895.004,92,16S,1/29/19,30-60 cm,FST_92P_R1.fq.gz,FST_92P_R2.fq.gz,SAMN15049336,323_30_16S,FST,3,2,3,23,NA,FST_323,Legume,Organic,None,Reduced Till,Cover Crop,TRUE,FALSE
93,FST_93P,1803901.004,93,16S,1/28/19,30-60 cm,FST_93P_R1.fq.gz,FST_93P_R2.fq.gz,SAMN15049337,423_30_16S,FST,4,2,3,23,NA,FST_423,Legume,Organic,None,Reduced Till,Cover Crop,TRUE,FALSE
94,FST_94P,1803913.004,94,16S,1/28/19,30-60 cm,FST_94P_R1.fq.gz,FST_94P_R2.fq.gz,SAMN15049338,223_30_16S,FST,2,2,3,23,NA,FST_223,Legume,Organic,None,Till,Cover Crop,TRUE,FALSE
95,FST_95P,1803919.004,95,16S,1/29/19,30-60 cm,FST_95P_R1.fq.gz,FST_95P_R2.fq.gz,SAMN15049339,523_30_16S,FST,5,2,3,23,NA,FST_523,Legume,Organic,None,Till,Cover Crop,TRUE,FALSE
96,FST_96P,1803925.004,96,16S,1/28/19,30-60 cm,FST_96P_R1.fq.gz,FST_96P_R2.fq.gz,SAMN15049340,723_30_16S,FST,7,2,3,23,NA,FST_723,Legume,Organic,None,Till,Cover Crop,TRUE,FALSE
97,FST_97P,NA,97,16S,NA,NA,FST_97P_R1.fq.gz,FST_97P_R2.fq.gz,SAMN15049341,neg1_16S,NA,NA,NA,NA,NA,NA,NA,NA,NA,NA,NA,NA,FALSE,TRUE
98,FST_98P,NA,98,16S,NA,NA,FST_98P_R1.fq.gz,FST_98P_R2.fq.gz,SAMN15049342,neg2_16S,NA,NA,NA,NA,NA,NA,NA,NA,NA,NA,NA,NA,FALSE,TRUE
99,FST_99P,NA,99,16S,NA,NA,FST_99P_R1.fq.gz,FST_99P_R2.fq.gz,SAMN15049343,neg3_16S,NA,NA,NA,NA,NA,NA,NA,NA,NA,NA,NA,NA,FALSE,TRUE
100,FST_1F,1803742.004,1,ITS,1/28/19,0-10 cm,FST_1F_R1.fq.gz,FST_1F_R2.fq.gz,SAMN15049344,231_0_ITS,FST,2,3,1,31,NA,FST_231,Synthetic Fertilizer,Conventional,Synthetic Pesticide,Till,No Cover Crop,TRUE,FALSE
101,FST_2F,1803748.004,2,ITS,1/29/19,0-10 cm,FST_2F_R1.fq.gz,FST_2F_R2.fq.gz,SAMN15049345,531_0_ITS,FST,5,3,1,31,NA,FST_531,Synthetic Fertilizer,Conventional,Synthetic Pesticide,Till,No Cover Crop,TRUE,FALSE
102,FST_3F,1803754.004,3,ITS,1/29/19,0-10 cm,FST_3F_R1.fq.gz,FST_3F_R2.fq.gz,SAMN15049346,731_0_ITS,FST,7,3,1,31,NA,FST_731,Synthetic Fertilizer,Conventional,Synthetic Pesticide,Till,No Cover Crop,TRUE,FALSE
103,FST_4F,1803766.004,4,ITS,1/29/19,0-10 cm,FST_4F_R1.fq.gz,FST_4F_R2.fq.gz,SAMN15049347,131_0_ITS,FST,1,3,1,31,NA,FST_131,Synthetic Fertilizer,Conventional,Synthetic Pesticide,Reduced Till,No Cover Crop,TRUE,FALSE
104,FST_5F,1803772.004,5,ITS,1/29/19,0-10 cm,FST_5F_R1.fq.gz,FST_5F_R2.fq.gz,SAMN15049348,331_0_ITS,FST,3,3,1,31,NA,FST_331,Synthetic Fertilizer,Conventional,Synthetic Pesticide,Reduced Till,No Cover Crop,TRUE,FALSE
105,FST_6F,1803778.004,6,ITS,1/28/19,0-10 cm,FST_6F_R1.fq.gz,FST_6F_R2.fq.gz,SAMN15049349,431_0_ITS,FST,4,3,1,31,NA,FST_431,Synthetic Fertilizer,Conventional,Synthetic Pesticide,Reduced Till,No Cover Crop,TRUE,FALSE
106,FST_7F,1803790.004,7,ITS,1/29/19,0-10 cm,FST_7F_R1.fq.gz,FST_7F_R2.fq.gz,SAMN15049350,133_0_ITS,FST,1,3,3,33,NA,FST_133,Synthetic Fertilizer,Conventional,Synthetic Pesticide,Reduced Till,Cover Crop,TRUE,FALSE
107,FST_8F,1803796.004,8,ITS,1/28/19,0-10 cm,FST_8F_R1.fq.gz,FST_8F_R2.fq.gz,SAMN15049351,333_0_ITS,FST,3,3,3,33,NA,FST_333,Synthetic Fertilizer,Conventional,Synthetic Pesticide,Reduced Till,Cover Crop,TRUE,FALSE
108,FST_9F,1803802.004,9,ITS,1/28/19,0-10 cm,FST_9F_R1.fq.gz,FST_9F_R2.fq.gz,SAMN15049352,433_0_ITS,FST,4,3,3,33,NA,FST_433,Synthetic Fertilizer,Conventional,Synthetic Pesticide,Reduced Till,Cover Crop,TRUE,FALSE
109,FST_10F,1803814.004,10,ITS,1/28/19,0-10 cm,FST_10F_R1.fq.gz,FST_10F_R2.fq.gz,SAMN15049353,233_0_ITS,FST,2,3,3,33,NA,FST_233,Synthetic Fertilizer,Conventional,Synthetic Pesticide,Till,Cover Crop,TRUE,FALSE
110,FST_11F,1803820.004,11,ITS,1/29/19,0-10 cm,FST_11F_R1.fq.gz,FST_11F_R2.fq.gz,SAMN15049354,533_0_ITS,FST,5,3,3,33,NA,FST_533,Synthetic Fertilizer,Conventional,Synthetic Pesticide,Till,Cover Crop,TRUE,FALSE
111,FST_12F,1803826.004,12,ITS,1/29/19,0-10 cm,FST_12F_R1.fq.gz,FST_12F_R2.fq.gz,SAMN15049355,733_0_ITS,FST,7,3,3,33,NA,FST_733,Synthetic Fertilizer,Conventional,Synthetic Pesticide,Till,Cover Crop,TRUE,FALSE
112,FST_13F,1803838.004,13,ITS,1/29/19,0-10 cm,FST_13F_R1.fq.gz,FST_13F_R2.fq.gz,SAMN15049356,112_0_ITS,FST,1,1,2,12,NA,FST_112,Manure,Organic,None,Reduced Till,Cover Crop,TRUE,FALSE
113,FST_14F,1803844.004,14,ITS,1/29/19,0-10 cm,FST_14F_R1.fq.gz,FST_14F_R2.fq.gz,SAMN15049357,312_0_ITS,FST,3,1,2,12,NA,FST_312,Manure,Organic,None,Reduced Till,Cover Crop,TRUE,FALSE
114,FST_15F,1803850.004,15,ITS,1/28/19,0-10 cm,FST_15F_R1.fq.gz,FST_15F_R2.fq.gz,SAMN15049358,412_0_ITS,FST,4,1,2,12,NA,FST_412,Manure,Organic,None,Reduced Till,Cover Crop,TRUE,FALSE
115,FST_16F,1803862.004,16,ITS,1/28/19,0-10 cm,FST_16F_R1.fq.gz,FST_16F_R2.fq.gz,SAMN15049359,212_0_ITS,FST,2,1,2,12,NA,FST_212,Manure,Organic,None,Till,Cover Crop,TRUE,FALSE
116,FST_17F,1803868.004,17,ITS,1/29/19,0-10 cm,FST_17F_R1.fq.gz,FST_17F_R2.fq.gz,SAMN15049360,512_0_ITS,FST,5,1,2,12,NA,FST_512,Manure,Organic,None,Till,Cover Crop,TRUE,FALSE
117,FST_18F,1803874.004,18,ITS,1/28/19,0-10 cm,FST_18F_R1.fq.gz,FST_18F_R2.fq.gz,SAMN15049361,712_0_ITS,FST,7,1,2,12,NA,FST_712,Manure,Organic,None,Till,Cover Crop,TRUE,FALSE
118,FST_19F,1803886.004,19,ITS,1/29/19,0-10 cm,FST_19F_R1.fq.gz,FST_19F_R2.fq.gz,SAMN15049362,123_0_ITS,FST,1,2,3,23,NA,FST_123,Legume,Organic,None,Reduced Till,Cover Crop,TRUE,FALSE
119,FST_20F,1803892.004,20,ITS,1/29/19,0-10 cm,FST_20F_R1.fq.gz,FST_20F_R2.fq.gz,SAMN15049363,323_0_ITS,FST,3,2,3,23,NA,FST_323,Legume,Organic,None,Reduced Till,Cover Crop,TRUE,FALSE
120,FST_21F,1803898.004,21,ITS,1/28/19,0-10 cm,FST_21F_R1.fq.gz,FST_21F_R2.fq.gz,SAMN15049364,423_0_ITS,FST,4,2,3,23,NA,FST_423,Legume,Organic,None,Reduced Till,Cover Crop,TRUE,FALSE
121,FST_22F,1803910.004,22,ITS,1/28/19,0-10 cm,FST_22F_R1.fq.gz,FST_22F_R2.fq.gz,SAMN15049365,223_0_ITS,FST,2,2,3,23,NA,FST_223,Legume,Organic,None,Till,Cover Crop,TRUE,FALSE
122,FST_23F,1803916.004,23,ITS,1/29/19,0-10 cm,FST_23F_R1.fq.gz,FST_23F_R2.fq.gz,SAMN15049366,523_0_ITS,FST,5,2,3,23,NA,FST_523,Legume,Organic,None,Till,Cover Crop,TRUE,FALSE
123,FST_24F,1803922.004,24,ITS,1/28/19,0-10 cm,FST_24F_R1.fq.gz,FST_24F_R2.fq.gz,SAMN15049367,723_0_ITS,FST,7,2,3,23,NA,FST_723,Legume,Organic,None,Till,Cover Crop,TRUE,FALSE
124,FST_25F,1803743.004,25,ITS,1/28/19,10-20 cm,FST_25F_R1.fq.gz,FST_25F_R2.fq.gz,SAMN15049368,231_10_ITS,FST,2,3,1,31,NA,FST_231,Synthetic Fertilizer,Conventional,Synthetic Pesticide,Till,No Cover Crop,TRUE,FALSE
125,FST_26F,1803749.004,26,ITS,1/29/19,10-20 cm,FST_26F_R1.fq.gz,FST_26F_R2.fq.gz,SAMN15049369,531_10_ITS,FST,5,3,1,31,NA,FST_531,Synthetic Fertilizer,Conventional,Synthetic Pesticide,Till,No Cover Crop,TRUE,FALSE
126,FST_27F,1803755.004,27,ITS,1/29/19,10-20 cm,FST_27F_R1.fq.gz,FST_27F_R2.fq.gz,SAMN15049370,731_10_ITS,FST,7,3,1,31,NA,FST_731,Synthetic Fertilizer,Conventional,Synthetic Pesticide,Till,No Cover Crop,TRUE,FALSE
127,FST_28F,1803767.004,28,ITS,1/29/19,10-20 cm,FST_28F_R1.fq.gz,FST_28F_R2.fq.gz,SAMN15049371,131_10_ITS,FST,1,3,1,31,NA,FST_131,Synthetic Fertilizer,Conventional,Synthetic Pesticide,Reduced Till,No Cover Crop,TRUE,FALSE
128,FST_29F,1803773.004,29,ITS,1/29/19,10-20 cm,FST_29F_R1.fq.gz,FST_29F_R2.fq.gz,SAMN15049372,331_10_ITS,FST,3,3,1,31,NA,FST_331,Synthetic Fertilizer,Conventional,Synthetic Pesticide,Reduced Till,No Cover Crop,TRUE,FALSE
129,FST_30F,1803779.004,30,ITS,1/28/19,10-20 cm,FST_30F_R1.fq.gz,FST_30F_R2.fq.gz,SAMN15049373,431_10_ITS,FST,4,3,1,31,NA,FST_431,Synthetic Fertilizer,Conventional,Synthetic Pesticide,Reduced Till,No Cover Crop,TRUE,FALSE
130,FST_31F,1803791.004,31,ITS,1/29/19,10-20 cm,FST_31F_R1.fq.gz,FST_31F_R2.fq.gz,SAMN15049374,133_10_ITS,FST,1,3,3,33,NA,FST_133,Synthetic Fertilizer,Conventional,Synthetic Pesticide,Reduced Till,Cover Crop,TRUE,FALSE
131,FST_32F,1803797.004,32,ITS,1/28/19,10-20 cm,FST_32F_R1.fq.gz,FST_32F_R2.fq.gz,SAMN15049375,333_10_ITS,FST,3,3,3,33,NA,FST_333,Synthetic Fertilizer,Conventional,Synthetic Pesticide,Reduced Till,Cover Crop,TRUE,FALSE
132,FST_33F,1803803.004,33,ITS,1/28/19,10-20 cm,FST_33F_R1.fq.gz,FST_33F_R2.fq.gz,SAMN15049376,433_10_ITS,FST,4,3,3,33,NA,FST_433,Synthetic Fertilizer,Conventional,Synthetic Pesticide,Reduced Till,Cover Crop,TRUE,FALSE
133,FST_34F,1803815.004,34,ITS,1/28/19,10-20 cm,FST_34F_R1.fq.gz,FST_34F_R2.fq.gz,SAMN15049377,233_10_ITS,FST,2,3,3,33,NA,FST_233,Synthetic Fertilizer,Conventional,Synthetic Pesticide,Till,Cover Crop,TRUE,FALSE
134,FST_35F,1803821.004,35,ITS,1/29/19,10-20 cm,FST_35F_R1.fq.gz,FST_35F_R2.fq.gz,SAMN15049378,533_10_ITS,FST,5,3,3,33,NA,FST_533,Synthetic Fertilizer,Conventional,Synthetic Pesticide,Till,Cover Crop,TRUE,FALSE
135,FST_36F,1803827.004,36,ITS,1/29/19,10-20 cm,FST_36F_R1.fq.gz,FST_36F_R2.fq.gz,SAMN15049379,733_10_ITS,FST,7,3,3,33,NA,FST_733,Synthetic Fertilizer,Conventional,Synthetic Pesticide,Till,Cover Crop,TRUE,FALSE
136,FST_37F,1803839.004,37,ITS,1/29/19,10-20 cm,FST_37F_R1.fq.gz,FST_37F_R2.fq.gz,SAMN15049380,112_10_ITS,FST,1,1,2,12,NA,FST_112,Manure,Organic,None,Reduced Till,Cover Crop,TRUE,FALSE
137,FST_38F,1803845.004,38,ITS,1/29/19,10-20 cm,FST_38F_R1.fq.gz,FST_38F_R2.fq.gz,SAMN15049381,312_10_ITS,FST,3,1,2,12,NA,FST_312,Manure,Organic,None,Reduced Till,Cover Crop,TRUE,FALSE
138,FST_39F,1803851.004,39,ITS,1/28/19,10-20 cm,FST_39F_R1.fq.gz,FST_39F_R2.fq.gz,SAMN15049382,412_10_ITS,FST,4,1,2,12,NA,FST_412,Manure,Organic,None,Reduced Till,Cover Crop,TRUE,FALSE
139,FST_40F,1803863.004,40,ITS,1/28/19,10-20 cm,FST_40F_R1.fq.gz,FST_40F_R2.fq.gz,SAMN15049383,212_10_ITS,FST,2,1,2,12,NA,FST_212,Manure,Organic,None,Till,Cover Crop,TRUE,FALSE
140,FST_41F,1803869.004,41,ITS,1/29/19,10-20 cm,FST_41F_R1.fq.gz,FST_41F_R2.fq.gz,SAMN15049384,512_10_ITS,FST,5,1,2,12,NA,FST_512,Manure,Organic,None,Till,Cover Crop,TRUE,FALSE
141,FST_42F,1803875.004,42,ITS,1/28/19,10-20 cm,FST_42F_R1.fq.gz,FST_42F_R2.fq.gz,SAMN15049385,712_10_ITS,FST,7,1,2,12,NA,FST_712,Manure,Organic,None,Till,Cover Crop,TRUE,FALSE
142,FST_43F,1803887.004,43,ITS,1/29/19,10-20 cm,FST_43F_R1.fq.gz,FST_43F_R2.fq.gz,SAMN15049386,123_10_ITS,FST,1,2,3,23,NA,FST_123,Legume,Organic,None,Reduced Till,Cover Crop,TRUE,FALSE
143,FST_44F,1803893.004,44,ITS,1/29/19,10-20 cm,FST_44F_R1.fq.gz,FST_44F_R2.fq.gz,SAMN15049387,323_10_ITS,FST,3,2,3,23,NA,FST_323,Legume,Organic,None,Reduced Till,Cover Crop,TRUE,FALSE
144,FST_45F,1803899.004,45,ITS,1/28/19,10-20 cm,FST_45F_R1.fq.gz,FST_45F_R2.fq.gz,SAMN15049388,423_10_ITS,FST,4,2,3,23,NA,FST_423,Legume,Organic,None,Reduced Till,Cover Crop,TRUE,FALSE
145,FST_46F,1803911.004,46,ITS,1/28/19,10-20 cm,FST_46F_R1.fq.gz,FST_46F_R2.fq.gz,SAMN15049389,223_10_ITS,FST,2,2,3,23,NA,FST_223,Legume,Organic,None,Till,Cover Crop,TRUE,FALSE
146,FST_47F,1803917.004,47,ITS,1/29/19,10-20 cm,FST_47F_R1.fq.gz,FST_47F_R2.fq.gz,SAMN15049390,523_10_ITS,FST,5,2,3,23,NA,FST_523,Legume,Organic,None,Till,Cover Crop,TRUE,FALSE
147,FST_48F,1803923.004,48,ITS,1/28/19,10-20 cm,FST_48F_R1.fq.gz,FST_48F_R2.fq.gz,SAMN15049391,723_10_ITS,FST,7,2,3,23,NA,FST_723,Legume,Organic,None,Till,Cover Crop,TRUE,FALSE
148,FST_49F,1803744.004,49,ITS,1/28/19,20-30 cm,FST_49F_R1.fq.gz,FST_49F_R2.fq.gz,SAMN15049392,231_20_ITS,FST,2,3,1,31,NA,FST_231,Synthetic Fertilizer,Conventional,Synthetic Pesticide,Till,No Cover Crop,TRUE,FALSE
149,FST_50F,1803750.004,50,ITS,1/29/19,20-30 cm,FST_50F_R1.fq.gz,FST_50F_R2.fq.gz,SAMN15049393,531_20_ITS,FST,5,3,1,31,NA,FST_531,Synthetic Fertilizer,Conventional,Synthetic Pesticide,Till,No Cover Crop,TRUE,FALSE
150,FST_51F,1803756.004,51,ITS,1/29/19,20-30 cm,FST_51F_R1.fq.gz,FST_51F_R2.fq.gz,SAMN15049394,731_20_ITS,FST,7,3,1,31,NA,FST_731,Synthetic Fertilizer,Conventional,Synthetic Pesticide,Till,No Cover Crop,TRUE,FALSE
151,FST_52F,1803768.004,52,ITS,1/29/19,20-30 cm,FST_52F_R1.fq.gz,FST_52F_R2.fq.gz,SAMN15049395,131_20_ITS,FST,1,3,1,31,NA,FST_131,Synthetic Fertilizer,Conventional,Synthetic Pesticide,Reduced Till,No Cover Crop,TRUE,FALSE
152,FST_53F,1803774.004,53,ITS,1/29/19,20-30 cm,FST_53F_R1.fq.gz,FST_53F_R2.fq.gz,SAMN15049396,331_20_ITS,FST,3,3,1,31,NA,FST_331,Synthetic Fertilizer,Conventional,Synthetic Pesticide,Reduced Till,No Cover Crop,TRUE,FALSE
153,FST_54F,1803780.004,54,ITS,1/28/19,20-30 cm,FST_54F_R1.fq.gz,FST_54F_R2.fq.gz,SAMN15049397,431_20_ITS,FST,4,3,1,31,NA,FST_431,Synthetic Fertilizer,Conventional,Synthetic Pesticide,Reduced Till,No Cover Crop,TRUE,FALSE
154,FST_55F,1803792.004,55,ITS,1/29/19,20-30 cm,FST_55F_R1.fq.gz,FST_55F_R2.fq.gz,SAMN15049398,133_20_ITS,FST,1,3,3,33,NA,FST_133,Synthetic Fertilizer,Conventional,Synthetic Pesticide,Reduced Till,Cover Crop,TRUE,FALSE
155,FST_56F,1803798.004,56,ITS,1/28/19,20-30 cm,FST_56F_R1.fq.gz,FST_56F_R2.fq.gz,SAMN15049399,333_20_ITS,FST,3,3,3,33,NA,FST_333,Synthetic Fertilizer,Conventional,Synthetic Pesticide,Reduced Till,Cover Crop,TRUE,FALSE
156,FST_57F,1803804.004,57,ITS,1/28/19,20-30 cm,FST_57F_R1.fq.gz,FST_57F_R2.fq.gz,SAMN15049400,433_20_ITS,FST,4,3,3,33,NA,FST_433,Synthetic Fertilizer,Conventional,Synthetic Pesticide,Reduced Till,Cover Crop,TRUE,FALSE
157,FST_58F,1803816.004,58,ITS,1/28/19,20-30 cm,FST_58F_R1.fq.gz,FST_58F_R2.fq.gz,SAMN15049401,233_20_ITS,FST,2,3,3,33,NA,FST_233,Synthetic Fertilizer,Conventional,Synthetic Pesticide,Till,Cover Crop,TRUE,FALSE
158,FST_59F,1803822.004,59,ITS,1/29/19,20-30 cm,FST_59F_R1.fq.gz,FST_59F_R2.fq.gz,SAMN15049402,533_20_ITS,FST,5,3,3,33,NA,FST_533,Synthetic Fertilizer,Conventional,Synthetic Pesticide,Till,Cover Crop,TRUE,FALSE
159,FST_60F,1803828.004,60,ITS,1/29/19,20-30 cm,FST_60F_R1.fq.gz,FST_60F_R2.fq.gz,SAMN15049403,733_20_ITS,FST,7,3,3,33,NA,FST_733,Synthetic Fertilizer,Conventional,Synthetic Pesticide,Till,Cover Crop,TRUE,FALSE
160,FST_61F,1803840.004,61,ITS,1/29/19,20-30 cm,FST_61F_R1.fq.gz,FST_61F_R2.fq.gz,SAMN15049404,112_20_ITS,FST,1,1,2,12,NA,FST_112,Manure,Organic,None,Reduced Till,Cover Crop,TRUE,FALSE
161,FST_62F,1803846.004,62,ITS,1/29/19,20-30 cm,FST_62F_R1.fq.gz,FST_62F_R2.fq.gz,SAMN15049405,312_20_ITS,FST,3,1,2,12,NA,FST_312,Manure,Organic,None,Reduced Till,Cover Crop,TRUE,FALSE
162,FST_63F,1803852.004,63,ITS,1/28/19,20-30 cm,FST_63F_R1.fq.gz,FST_63F_R2.fq.gz,SAMN15049406,412_20_ITS,FST,4,1,2,12,NA,FST_412,Manure,Organic,None,Reduced Till,Cover Crop,TRUE,FALSE
163,FST_64F,1803864.004,64,ITS,1/28/19,20-30 cm,FST_64F_R1.fq.gz,FST_64F_R2.fq.gz,SAMN15049407,212_20_ITS,FST,2,1,2,12,NA,FST_212,Manure,Organic,None,Till,Cover Crop,TRUE,FALSE
164,FST_65F,1803870.004,65,ITS,1/29/19,20-30 cm,FST_65F_R1.fq.gz,FST_65F_R2.fq.gz,SAMN15049408,512_20_ITS,FST,5,1,2,12,NA,FST_512,Manure,Organic,None,Till,Cover Crop,TRUE,FALSE
165,FST_66F,1803876.004,66,ITS,1/28/19,20-30 cm,FST_66F_R1.fq.gz,FST_66F_R2.fq.gz,SAMN15049409,712_20_ITS,FST,7,1,2,12,NA,FST_712,Manure,Organic,None,Till,Cover Crop,TRUE,FALSE
166,FST_67F,1803888.004,67,ITS,1/29/19,20-30 cm,FST_67F_R1.fq.gz,FST_67F_R2.fq.gz,SAMN15049410,123_20_ITS,FST,1,2,3,23,NA,FST_123,Legume,Organic,None,Reduced Till,Cover Crop,TRUE,FALSE
167,FST_68F,1803894.004,68,ITS,1/29/19,20-30 cm,FST_68F_R1.fq.gz,FST_68F_R2.fq.gz,SAMN15049411,323_20_ITS,FST,3,2,3,23,NA,FST_323,Legume,Organic,None,Reduced Till,Cover Crop,TRUE,FALSE
168,FST_69F,1803900.004,69,ITS,1/28/19,20-30 cm,FST_69F_R1.fq.gz,FST_69F_R2.fq.gz,SAMN15049412,423_20_ITS,FST,4,2,3,23,NA,FST_423,Legume,Organic,None,Reduced Till,Cover Crop,TRUE,FALSE
169,FST_70F,1803912.004,70,ITS,1/28/19,20-30 cm,FST_70F_R1.fq.gz,FST_70F_R2.fq.gz,SAMN15049413,223_20_ITS,FST,2,2,3,23,NA,FST_223,Legume,Organic,None,Till,Cover Crop,TRUE,FALSE
170,FST_71F,1803918.004,71,ITS,1/29/19,20-30 cm,FST_71F_R1.fq.gz,FST_71F_R2.fq.gz,SAMN15049414,523_20_ITS,FST,5,2,3,23,NA,FST_523,Legume,Organic,None,Till,Cover Crop,TRUE,FALSE
171,FST_72F,1803924.004,72,ITS,1/28/19,20-30 cm,FST_72F_R1.fq.gz,FST_72F_R2.fq.gz,SAMN15049415,723_20_ITS,FST,7,2,3,23,NA,FST_723,Legume,Organic,None,Till,Cover Crop,TRUE,FALSE
172,FST_73F,1803746.004,73,ITS,1/28/19,30-60 cm,FST_73F_R1.fq.gz,FST_73F_R2.fq.gz,SAMN15049416,231_30_ITS,FST,2,3,1,31,NA,FST_231,Synthetic Fertilizer,Conventional,Synthetic Pesticide,Till,No Cover Crop,TRUE,FALSE
173,FST_74F,1803751.004,74,ITS,1/29/19,30-60 cm,FST_74F_R1.fq.gz,FST_74F_R2.fq.gz,SAMN15049417,531_30_ITS,FST,5,3,1,31,NA,FST_531,Synthetic Fertilizer,Conventional,Synthetic Pesticide,Till,No Cover Crop,TRUE,FALSE
174,FST_75F,1803757.004,75,ITS,1/29/19,30-60 cm,FST_75F_R1.fq.gz,FST_75F_R2.fq.gz,SAMN15049418,731_30_ITS,FST,7,3,1,31,NA,FST_731,Synthetic Fertilizer,Conventional,Synthetic Pesticide,Till,No Cover Crop,TRUE,FALSE
175,FST_76F,1803769.004,76,ITS,1/29/19,30-60 cm,FST_76F_R1.fq.gz,FST_76F_R2.fq.gz,SAMN15049419,131_30_ITS,FST,1,3,1,31,NA,FST_131,Synthetic Fertilizer,Conventional,Synthetic Pesticide,Reduced Till,No Cover Crop,TRUE,FALSE
176,FST_77F,1803775.004,77,ITS,1/29/19,30-60 cm,FST_77F_R1.fq.gz,FST_77F_R2.fq.gz,SAMN15049420,331_30_ITS,FST,3,3,1,31,NA,FST_331,Synthetic Fertilizer,Conventional,Synthetic Pesticide,Reduced Till,No Cover Crop,TRUE,FALSE
177,FST_78F,1803781.004,78,ITS,1/28/19,30-60 cm,FST_78F_R1.fq.gz,FST_78F_R2.fq.gz,SAMN15049421,431_30_ITS,FST,4,3,1,31,NA,FST_431,Synthetic Fertilizer,Conventional,Synthetic Pesticide,Reduced Till,No Cover Crop,TRUE,FALSE
178,FST_79F,1803793.004,79,ITS,1/29/19,30-60 cm,FST_79F_R1.fq.gz,FST_79F_R2.fq.gz,SAMN15049422,133_30_ITS,FST,1,3,3,33,NA,FST_133,Synthetic Fertilizer,Conventional,Synthetic Pesticide,Reduced Till,Cover Crop,TRUE,FALSE
179,FST_80F,1803799.004,80,ITS,1/28/19,30-60 cm,FST_80F_R1.fq.gz,FST_80F_R2.fq.gz,SAMN15049423,333_30_ITS,FST,3,3,3,33,NA,FST_333,Synthetic Fertilizer,Conventional,Synthetic Pesticide,Reduced Till,Cover Crop,TRUE,FALSE
180,FST_81F,1803805.004,81,ITS,1/28/19,30-60 cm,FST_81F_R1.fq.gz,FST_81F_R2.fq.gz,SAMN15049424,433_30_ITS,FST,4,3,3,33,NA,FST_433,Synthetic Fertilizer,Conventional,Synthetic Pesticide,Reduced Till,Cover Crop,TRUE,FALSE
181,FST_82F,1803817.004,82,ITS,1/28/19,30-60 cm,FST_82F_R1.fq.gz,FST_82F_R2.fq.gz,SAMN15049425,233_30_ITS,FST,2,3,3,33,NA,FST_233,Synthetic Fertilizer,Conventional,Synthetic Pesticide,Till,Cover Crop,TRUE,FALSE
182,FST_83F,1803823.004,83,ITS,1/29/19,30-60 cm,FST_83F_R1.fq.gz,FST_83F_R2.fq.gz,SAMN15049426,533_30_ITS,FST,5,3,3,33,NA,FST_533,Synthetic Fertilizer,Conventional,Synthetic Pesticide,Till,Cover Crop,TRUE,FALSE
183,FST_84F,1803829.004,84,ITS,1/29/19,30-60 cm,FST_84F_R1.fq.gz,FST_84F_R2.fq.gz,SAMN15049427,733_30_ITS,FST,7,3,3,33,NA,FST_733,Synthetic Fertilizer,Conventional,Synthetic Pesticide,Till,Cover Crop,TRUE,FALSE
184,FST_85F,1803841.004,85,ITS,1/29/19,30-60 cm,FST_85F_R1.fq.gz,FST_85F_R2.fq.gz,SAMN15049428,112_30_ITS,FST,1,1,2,12,NA,FST_112,Manure,Organic,None,Reduced Till,Cover Crop,TRUE,FALSE
185,FST_86F,1803847.004,86,ITS,1/29/19,30-60 cm,FST_86F_R1.fq.gz,FST_86F_R2.fq.gz,SAMN15049429,312_30_ITS,FST,3,1,2,12,NA,FST_312,Manure,Organic,None,Reduced Till,Cover Crop,TRUE,FALSE
186,FST_87F,1803853.004,87,ITS,1/28/19,30-60 cm,FST_87F_R1.fq.gz,FST_87F_R2.fq.gz,SAMN15049430,412_30_ITS,FST,4,1,2,12,NA,FST_412,Manure,Organic,None,Reduced Till,Cover Crop,TRUE,FALSE
187,FST_88F,1803865.004,88,ITS,1/28/19,30-60 cm,FST_88F_R1.fq.gz,FST_88F_R2.fq.gz,SAMN15049431,212_30_ITS,FST,2,1,2,12,NA,FST_212,Manure,Organic,None,Till,Cover Crop,TRUE,FALSE
188,FST_89F,1803871.004,89,ITS,1/29/19,30-60 cm,FST_89F_R1.fq.gz,FST_89F_R2.fq.gz,SAMN15049432,512_30_ITS,FST,5,1,2,12,NA,FST_512,Manure,Organic,None,Till,Cover Crop,TRUE,FALSE
189,FST_90F,1803877.004,90,ITS,1/28/19,30-60 cm,FST_90F_R1.fq.gz,FST_90F_R2.fq.gz,SAMN15049433,712_30_ITS,FST,7,1,2,12,NA,FST_712,Manure,Organic,None,Till,Cover Crop,TRUE,FALSE
190,FST_91F,1803889.004,91,ITS,1/29/19,30-60 cm,FST_91F_R1.fq.gz,FST_91F_R2.fq.gz,SAMN15049434,123_30_ITS,FST,1,2,3,23,NA,FST_123,Legume,Organic,None,Reduced Till,Cover Crop,TRUE,FALSE
191,FST_92F,1803895.004,92,ITS,1/29/19,30-60 cm,FST_92F_R1.fq.gz,FST_92F_R2.fq.gz,SAMN15049435,323_30_ITS,FST,3,2,3,23,NA,FST_323,Legume,Organic,None,Reduced Till,Cover Crop,TRUE,FALSE
192,FST_93F,1803901.004,93,ITS,1/28/19,30-60 cm,FST_93F_R1.fq.gz,FST_93F_R2.fq.gz,SAMN15049436,423_30_ITS,FST,4,2,3,23,NA,FST_423,Legume,Organic,None,Reduced Till,Cover Crop,TRUE,FALSE
193,FST_94F,1803913.004,94,ITS,1/28/19,30-60 cm,FST_94F_R1.fq.gz,FST_94F_R2.fq.gz,SAMN15049437,223_30_ITS,FST,2,2,3,23,NA,FST_223,Legume,Organic,None,Till,Cover Crop,TRUE,FALSE
194,FST_95F,1803919.004,95,ITS,1/29/19,30-60 cm,FST_95F_R1.fq.gz,FST_95F_R2.fq.gz,SAMN15049438,523_30_ITS,FST,5,2,3,23,NA,FST_523,Legume,Organic,None,Till,Cover Crop,TRUE,FALSE
195,FST_96F,1803925.004,96,ITS,1/28/19,30-60 cm,FST_96F_R1.fq.gz,FST_96F_R2.fq.gz,SAMN15049439,723_30_ITS,FST,7,2,3,23,NA,FST_723,Legume,Organic,None,Till,Cover Crop,TRUE,FALSE
196,FST_97F,NA,97,ITS,NA,NA,FST_97F_R1.fq.gz,FST_97F_R2.fq.gz,SAMN15049440,neg1_ITS,NA,NA,NA,NA,NA,NA,NA,NA,NA,NA,NA,NA,FALSE,TRUE
197,FST_98F,NA,98,ITS,NA,NA,FST_98F_R1.fq.gz,FST_98F_R2.fq.gz,SAMN15049441,neg2_ITS,NA,NA,NA,NA,NA,NA,NA,NA,NA,NA,NA,NA,FALSE,TRUE
198,FST_99F,NA,99,ITS,NA,NA,FST_99F_R1.fq.gz,FST_99F_R2.fq.gz,SAMN15049442,neg3_ITS,NA,NA,NA,NA,NA,NA,NA,NA,NA,NA,NA,NA,FALSE,TRUE